{
	"credit": "Made by samus2002",
	"textures": {
		"4": "dwarf_texture/blacksmith_spear"
	},
	"elements": [
		{
			"name": "left_arm",
			"from": [4.36, 19.108, 8],
			"to": [11.64, 29.748, 8],
			"rotation": {"angle": 0, "axis": "y", "origin": [8, 12.508, 8]},
			"faces": {
				"north": {"uv": [2.375, 0, 0, 1.625], "rotation": 90, "texture": "#4"},
				"east": {"uv": [4, 2, 4, 4.375], "rotation": 180, "texture": "#4"},
				"south": {"uv": [0, 0, 2.375, 1.625], "rotation": 270, "texture": "#4"},
				"west": {"uv": [2, 6.375, 2, 4], "texture": "#4"},
				"up": {"uv": [3.75, 2.5, 3.75, 4.125], "rotation": 270, "texture": "#4"},
				"down": {"uv": [3.875, 2.5, 3.875, 4.125], "rotation": 270, "texture": "#4"}
			}
		},
		{
			"name": "left_arm",
			"from": [7.16, -15.052, 7.16],
			"to": [8.84, 20.228, 8.84],
			"rotation": {"angle": 0, "axis": "y", "origin": [8, 12.508, 8]},
			"faces": {
				"north": {"uv": [10.375, 0, 2.5, 0.375], "rotation": 90, "texture": "#4"},
				"east": {"uv": [2.875, 1, 2.5, 8.875], "rotation": 180, "texture": "#4"},
				"south": {"uv": [2.5, 0, 10.375, 0.375], "rotation": 270, "texture": "#4"},
				"west": {"uv": [2.875, 8.875, 2.5, 1], "texture": "#4"},
				"up": {"uv": [2, 3.5, 2.375, 3.875], "rotation": 270, "texture": "#4"},
				"down": {"uv": [3.5, 2, 3.875, 2.375], "rotation": 270, "texture": "#4"}
			}
		}
	],
	"gui_light": "front",
	"display": {
		"thirdperson_righthand": {
			"rotation": [0, 90, 0],
			"translation": [0, 3, 1.5]
		},
		"thirdperson_lefthand": {
			"rotation": [0, 90, 0],
			"translation": [0, 3, 1.5]
		},
		"firstperson_righthand": {
			"rotation": [0, 90, 0],
			"translation": [2, 2.5, 0]
		},
		"firstperson_lefthand": {
			"rotation": [0, 90, 0],
			"translation": [2, 2.5, 0]
		},
		"ground": {
			"rotation": [90, 0, 90],
			"translation": [2, -3, 0]
		},
		"gui": {
			"rotation": [0, 0, -45],
			"translation": [0.5, 0.5, 1.75],
			"scale": [0.45, 0.45, 0.45]
		},
		"head": {
			"rotation": [-90, 90, 0],
			"translation": [0, -12.75, 0],
			"scale": [3, 3, 3]
		},
		"fixed": {
			"rotation": [0, 180, -45],
			"translation": [-0.5, 0.5, 0.75],
			"scale": [0.5, 0.5, 0.5]
		}
	}
}