{
	"credit": "Made by samus2002",
	"textures": {
		"3": "dwarf_texture/blacksmith_sword"
	},
	"elements": [
		{
			"name": "left_arm",
			"from": [5.585, 1.1395, 7.655],
			"to": [10.415, 23.9095, 8.345],
			"rotation": {"angle": 0, "axis": "y", "origin": [8, 2.4495, 8]},
			"faces": {
				"north": {"uv": [4.125, 3, 0, 3.875], "rotation": 90, "texture": "#3"},
				"east": {"uv": [4.875, 3, 4.625, 7.125], "rotation": 180, "texture": "#3"},
				"south": {"uv": [0, 3, 4.125, 3.875], "rotation": 270, "texture": "#3"},
				"west": {"uv": [4.5, 7.125, 4.25, 3], "texture": "#3"},
				"up": {"uv": [5.625, 4.625, 5.875, 5.5], "rotation": 270, "texture": "#3"},
				"down": {"uv": [5.625, 5.625, 5.875, 6.5], "rotation": 270, "texture": "#3"}
			}
		},
		{
			"name": "left_arm",
			"from": [4.895, -2.3105, 6.62],
			"to": [11.105, 1.1395, 9.38],
			"rotation": {"angle": 0, "axis": "y", "origin": [8, 2.4495, 8]},
			"faces": {
				"north": {"uv": [6, 0, 5.375, 1.125], "rotation": 90, "texture": "#3"},
				"east": {"uv": [2.375, 5.625, 1.875, 6.25], "rotation": 180, "texture": "#3"},
				"south": {"uv": [5.375, 0, 6, 1.125], "rotation": 270, "texture": "#3"},
				"west": {"uv": [1.75, 6.25, 1.25, 5.625], "texture": "#3"},
				"up": {"uv": [0, 5.625, 0.5, 6.75], "rotation": 270, "texture": "#3"},
				"down": {"uv": [0.625, 5.625, 1.125, 6.75], "rotation": 270, "texture": "#3"}
			}
		},
		{
			"name": "left_arm",
			"from": [4.205, 1.1395, 8],
			"to": [11.795, 30.1195, 8],
			"rotation": {"angle": 0, "axis": "y", "origin": [8, 2.4495, 8]},
			"faces": {
				"north": {"uv": [5.25, 0, 0, 1.375], "rotation": 90, "texture": "#3"},
				"east": {"uv": [5.625, 6.625, 5.625, 11.875], "rotation": 180, "texture": "#3"},
				"south": {"uv": [0, 0, 5.25, 1.375], "rotation": 270, "texture": "#3"},
				"west": {"uv": [4, 11.625, 4, 6.375], "texture": "#3"},
				"up": {"uv": [4.125, 5.625, 4.125, 7], "rotation": 270, "texture": "#3"},
				"down": {"uv": [2.375, 6.375, 2.375, 7.75], "rotation": 270, "texture": "#3"}
			}
		},
		{
			"name": "left_arm",
			"from": [11.105, -0.9305, 7.31],
			"to": [14.555, 1.1395, 8.69],
			"rotation": {"angle": 0, "axis": "y", "origin": [8, 2.4495, 8]},
			"faces": {
				"north": {"uv": [3.5, 5.625, 3.125, 6.25], "rotation": 90, "texture": "#3"},
				"east": {"uv": [6.5, 2.625, 6.25, 3], "rotation": 180, "texture": "#3"},
				"south": {"uv": [3.125, 5.625, 3.5, 6.25], "rotation": 270, "texture": "#3"},
				"west": {"uv": [6.375, 4.375, 6.125, 4], "texture": "#3"},
				"up": {"uv": [1.625, 6.375, 1.875, 7], "rotation": 270, "texture": "#3"},
				"down": {"uv": [2, 6.375, 2.25, 7], "rotation": 270, "texture": "#3"}
			}
		},
		{
			"name": "left_arm",
			"from": [1.445, -0.9305, 7.31],
			"to": [4.895, 1.1395, 8.69],
			"rotation": {"angle": 0, "axis": "y", "origin": [8, 2.4495, 8]},
			"faces": {
				"north": {"uv": [4, 5.625, 3.625, 6.25], "rotation": 90, "texture": "#3"},
				"east": {"uv": [6.625, 4.5, 6.375, 4.875], "rotation": 180, "texture": "#3"},
				"south": {"uv": [3.625, 5.625, 4, 6.25], "rotation": 270, "texture": "#3"},
				"west": {"uv": [3.875, 6.75, 3.625, 6.375], "texture": "#3"},
				"up": {"uv": [2.875, 6.375, 3.125, 7], "rotation": 270, "texture": "#3"},
				"down": {"uv": [3.25, 6.375, 3.5, 7], "rotation": 270, "texture": "#3"}
			}
		},
		{
			"name": "left_arm",
			"from": [6.62, -13.3505, 6.62],
			"to": [9.38, -2.3105, 9.38],
			"rotation": {"angle": 0, "axis": "y", "origin": [7.655, 2.4495, 8]},
			"faces": {
				"north": {"uv": [0, 5, 2, 5.5], "rotation": 90, "texture": "#3"},
				"east": {"uv": [5.5, 5, 5, 3], "rotation": 180, "texture": "#3"},
				"south": {"uv": [0, 5, 2, 5.5], "rotation": 270, "texture": "#3"},
				"west": {"uv": [5.5, 5, 5, 3], "texture": "#3"},
				"up": {"uv": [5.625, 2.5, 6.125, 3], "rotation": 270, "texture": "#3"},
				"down": {"uv": [5.625, 2.5, 6.125, 3], "rotation": 270, "texture": "#3"}
			}
		},
		{
			"name": "left_arm",
			"from": [5.93, -15.4205, 7.31],
			"to": [10.07, -14.0405, 8.69],
			"rotation": {"angle": 0, "axis": "y", "origin": [7.655, 2.4495, 8]},
			"faces": {
				"north": {"uv": [6.25, 5.5, 6, 6.25], "rotation": 90, "texture": "#3"},
				"east": {"uv": [6.625, 5.375, 6.375, 5.625], "rotation": 180, "texture": "#3"},
				"south": {"uv": [6, 5.5, 6.25, 6.25], "rotation": 270, "texture": "#3"},
				"west": {"uv": [6.625, 5.25, 6.375, 5], "texture": "#3"},
				"up": {"uv": [6, 4.625, 6.25, 5.375], "rotation": 270, "texture": "#3"},
				"down": {"uv": [6.125, 0, 6.375, 0.75], "rotation": 270, "texture": "#3"}
			}
		},
		{
			"name": "left_arm",
			"from": [5.93, -14.0405, 7.31],
			"to": [7.31, -12.6605, 8.69],
			"rotation": {"angle": 0, "axis": "y", "origin": [7.655, 2.4495, 8]},
			"faces": {
				"north": {"uv": [6.25, 6.375, 6, 6.625], "rotation": 90, "texture": "#3"},
				"east": {"uv": [6.75, 0.75, 6.5, 1], "rotation": 180, "texture": "#3"},
				"south": {"uv": [6, 6.375, 6.25, 6.625], "rotation": 270, "texture": "#3"},
				"west": {"uv": [6.75, 0.625, 6.5, 0.375], "texture": "#3"},
				"up": {"uv": [6.375, 5.75, 6.625, 6], "rotation": 270, "texture": "#3"},
				"down": {"uv": [6.375, 6.125, 6.625, 6.375], "rotation": 270, "texture": "#3"}
			}
		},
		{
			"name": "left_arm",
			"from": [5.93, -12.6605, 7.31],
			"to": [10.07, -11.2805, 8.69],
			"rotation": {"angle": 0, "axis": "y", "origin": [7.655, 2.4495, 8]},
			"faces": {
				"north": {"uv": [6.5, 1.75, 6.25, 2.5], "rotation": 90, "texture": "#3"},
				"east": {"uv": [6.75, 3.125, 6.5, 3.375], "rotation": 180, "texture": "#3"},
				"south": {"uv": [6.25, 1.75, 6.5, 2.5], "rotation": 270, "texture": "#3"},
				"west": {"uv": [6.75, 1.375, 6.5, 1.125], "texture": "#3"},
				"up": {"uv": [6.125, 3.125, 6.375, 3.875], "rotation": 270, "texture": "#3"},
				"down": {"uv": [2.5, 6.25, 2.75, 7], "rotation": 270, "texture": "#3"}
			}
		},
		{
			"name": "left_arm",
			"from": [8.69, -14.0405, 7.31],
			"to": [10.07, -12.6605, 8.69],
			"rotation": {"angle": 0, "axis": "y", "origin": [7.655, 2.4495, 8]},
			"faces": {
				"north": {"uv": [6.5, 3.875, 6.75, 4.125], "rotation": 90, "texture": "#3"},
				"east": {"uv": [6.875, 2.25, 6.625, 2.5], "rotation": 180, "texture": "#3"},
				"south": {"uv": [6.5, 3.875, 6.75, 4.125], "rotation": 270, "texture": "#3"},
				"west": {"uv": [6.875, 2.125, 6.625, 1.875], "texture": "#3"},
				"up": {"uv": [6.5, 3.5, 6.75, 3.75], "rotation": 270, "texture": "#3"},
				"down": {"uv": [6.375, 6.5, 6.625, 6.75], "rotation": 270, "texture": "#3"}
			}
		}
	],
	"gui_light": "front",
	"display": {
		"thirdperson_righthand": {
			"rotation": [0, 90, 0],
			"translation": [0, 9.25, 2.25],
			"scale": [0.8, 0.8, 0.8]
		},
		"thirdperson_lefthand": {
			"rotation": [0, 90, 0],
			"translation": [0, 9.25, 2.25],
			"scale": [0.8, 0.8, 0.8]
		},
		"firstperson_righthand": {
			"rotation": [0, 90, 0],
			"translation": [0.5, 9.25, 0.75],
			"scale": [0.8, 0.8, 0.8]
		},
		"firstperson_lefthand": {
			"rotation": [0, 90, 0],
			"translation": [0.5, 9.25, 0.75],
			"scale": [0.8, 0.8, 0.8]
		},
		"ground": {
			"rotation": [90, 0, 0],
			"translation": [0.5, -1.5, 0.75],
			"scale": [0.8, 0.8, 0.8]
		},
		"gui": {
			"rotation": [0, 0, -45],
			"translation": [0.5, 0.5, 1.75],
			"scale": [0.45, 0.45, 0.45]
		},
		"fixed": {
			"rotation": [0, 180, -45],
			"translation": [-0.5, 0.5, 0.25],
			"scale": [0.5, 0.5, 0.5]
		}
	}
}