{
	"credit": "Made by samus2002",
	"textures": {
		"5": "dwarf_texture/blacksmith_shield"
	},
	"elements": [
		{
			"name": "left_arm",
			"from": [6, 1.5, 9.5],
			"to": [10, 19.5, 13.5],
			"rotation": {"angle": 0, "axis": "y", "origin": [8, 8, 8]},
			"faces": {
				"north": {"uv": [3, 2.875, 5.25, 3.375], "rotation": 270, "texture": "#5"},
				"east": {"uv": [3.5, 6.375, 3, 4.125], "texture": "#5"},
				"south": {"uv": [3, 3.5, 5.25, 4], "rotation": 90, "texture": "#5"},
				"west": {"uv": [3.5, 4.125, 3, 6.375], "rotation": 180, "texture": "#5"},
				"up": {"uv": [6.5, 4.5, 7, 5], "rotation": 90, "texture": "#5"},
				"down": {"uv": [6.5, 5.125, 7, 5.625], "rotation": 90, "texture": "#5"}
			}
		},
		{
			"name": "left_arm",
			"from": [6, 1.5, 5.5],
			"to": [10, 4.5, 9.5],
			"rotation": {"angle": 0, "axis": "y", "origin": [8, 8, 8]},
			"faces": {
				"north": {"uv": [2, 6.75, 2.375, 7.25], "rotation": 270, "texture": "#5"},
				"east": {"uv": [4.75, 7.25, 4.25, 6.875], "texture": "#5"},
				"south": {"uv": [2.5, 6.75, 2.875, 7.25], "rotation": 90, "texture": "#5"},
				"west": {"uv": [4.75, 6.875, 4.25, 7.25], "rotation": 180, "texture": "#5"},
				"up": {"uv": [6.5, 5.75, 7, 6.25], "rotation": 90, "texture": "#5"},
				"down": {"uv": [6.5, 6.375, 7, 6.875], "rotation": 90, "texture": "#5"}
			}
		},
		{
			"name": "left_arm",
			"from": [1.5, -8, 3],
			"to": [14.5, -6, 6],
			"rotation": {"angle": 0, "axis": "y", "origin": [8, 8, 8]},
			"faces": {
				"north": {"uv": [6.125, 4.5, 6.375, 6.125], "rotation": 270, "texture": "#5"},
				"east": {"uv": [4.625, 7.625, 4.25, 7.375], "texture": "#5"},
				"south": {"uv": [6.375, 4.5, 6.125, 6.125], "rotation": 90, "texture": "#5"},
				"west": {"uv": [7.75, 5.25, 7.375, 5.5], "rotation": 180, "texture": "#5"},
				"up": {"uv": [2, 5, 2.375, 6.625], "rotation": 90, "texture": "#5"},
				"down": {"uv": [2.5, 5, 2.875, 6.625], "rotation": 90, "texture": "#5"}
			}
		},
		{
			"name": "left_arm",
			"from": [14.5, -8, 3],
			"to": [16.5, 3, 6],
			"rotation": {"angle": 0, "axis": "y", "origin": [8, 8, 8]},
			"faces": {
				"north": {"uv": [6.25, 1.5, 7.625, 1.75], "rotation": 270, "texture": "#5"},
				"east": {"uv": [6, 5.375, 5.625, 4], "texture": "#5"},
				"south": {"uv": [7.625, 1.5, 6.25, 1.75], "rotation": 90, "texture": "#5"},
				"west": {"uv": [6, 5.5, 5.625, 6.875], "rotation": 180, "texture": "#5"},
				"up": {"uv": [7.375, 5.625, 7.75, 5.875], "rotation": 90, "texture": "#5"},
				"down": {"uv": [7.375, 6, 7.75, 6.25], "rotation": 90, "texture": "#5"}
			}
		},
		{
			"name": "left_arm",
			"from": [-0.5, -8, 3],
			"to": [1.5, 3, 6],
			"rotation": {"angle": 0, "axis": "y", "origin": [8, 8, 8]},
			"faces": {
				"north": {"uv": [6.25, 2.25, 7.625, 2.5], "rotation": 270, "texture": "#5"},
				"east": {"uv": [6.125, 2.875, 5.75, 1.5], "texture": "#5"},
				"south": {"uv": [7.625, 2.25, 6.25, 2.5], "rotation": 90, "texture": "#5"},
				"west": {"uv": [6.5, 3, 6.125, 4.375], "rotation": 180, "texture": "#5"},
				"up": {"uv": [7.375, 6.375, 7.75, 6.625], "rotation": 90, "texture": "#5"},
				"down": {"uv": [1, 7.5, 1.375, 7.75], "rotation": 90, "texture": "#5"}
			}
		},
		{
			"name": "left_arm",
			"from": [14.5, 3, 3],
			"to": [17.5, 5, 6],
			"rotation": {"angle": 0, "axis": "y", "origin": [8, 8, 8]},
			"faces": {
				"north": {"uv": [5.75, 3, 6, 3.375], "rotation": 270, "texture": "#5"},
				"east": {"uv": [1.875, 7.75, 1.5, 7.5], "texture": "#5"},
				"south": {"uv": [6, 3, 5.75, 3.375], "rotation": 90, "texture": "#5"},
				"west": {"uv": [5.875, 7.5, 5.5, 7.75], "rotation": 180, "texture": "#5"},
				"up": {"uv": [7.25, 3, 7.625, 3.375], "rotation": 90, "texture": "#5"},
				"down": {"uv": [7.25, 3.5, 7.625, 3.875], "rotation": 90, "texture": "#5"}
			}
		},
		{
			"name": "left_arm",
			"from": [-1.5, 3, 3],
			"to": [1.5, 5, 6],
			"rotation": {"angle": 0, "axis": "y", "origin": [8, 8, 8]},
			"faces": {
				"north": {"uv": [7.5, 6.75, 7.75, 7.125], "rotation": 270, "texture": "#5"},
				"east": {"uv": [6.875, 7.875, 6.5, 7.625], "texture": "#5"},
				"south": {"uv": [7.75, 6.75, 7.5, 7.125], "rotation": 90, "texture": "#5"},
				"west": {"uv": [7.375, 7.625, 7, 7.875], "rotation": 180, "texture": "#5"},
				"up": {"uv": [2, 7.375, 2.375, 7.75], "rotation": 90, "texture": "#5"},
				"down": {"uv": [2.5, 7.375, 2.875, 7.75], "rotation": 90, "texture": "#5"}
			}
		},
		{
			"name": "left_arm",
			"from": [-1.5, 22, 3],
			"to": [17.5, 24, 6],
			"rotation": {"angle": 0, "axis": "y", "origin": [8, 8, 8]},
			"faces": {
				"north": {"uv": [5.25, 4.125, 5.5, 6.5], "rotation": 270, "texture": "#5"},
				"east": {"uv": [0.375, 8, 0, 7.75], "texture": "#5"},
				"south": {"uv": [5.5, 4.125, 5.25, 6.5], "rotation": 90, "texture": "#5"},
				"west": {"uv": [0.875, 7.75, 0.5, 8], "rotation": 180, "texture": "#5"},
				"up": {"uv": [1, 5, 1.375, 7.375], "rotation": 90, "texture": "#5"},
				"down": {"uv": [1.5, 5, 1.875, 7.375], "rotation": 90, "texture": "#5"}
			}
		},
		{
			"name": "left_arm",
			"from": [-3.5, 3, 3],
			"to": [-1.5, 24, 6],
			"rotation": {"angle": 0, "axis": "y", "origin": [8, 8, 8]},
			"faces": {
				"north": {"uv": [5.25, 0, 7.875, 0.25], "rotation": 270, "texture": "#5"},
				"east": {"uv": [4.625, 6.75, 4.25, 4.125], "texture": "#5"},
				"south": {"uv": [7.875, 0, 5.25, 0.25], "rotation": 90, "texture": "#5"},
				"west": {"uv": [5.125, 4.125, 4.75, 6.75], "rotation": 180, "texture": "#5"},
				"up": {"uv": [7.75, 1.5, 8.125, 1.75], "rotation": 90, "texture": "#5"},
				"down": {"uv": [7.75, 1.875, 8.125, 2.125], "rotation": 90, "texture": "#5"}
			}
		},
		{
			"name": "left_arm",
			"from": [-0.01759, -7.63901, 4.02003],
			"to": [15.98241, 3.36099, 5.02003],
			"rotation": {"angle": 0, "axis": "y", "origin": [8, 8, 8]},
			"faces": {
				"north": {"uv": [0, 2.875, 1.375, 4.875], "rotation": 270, "texture": "#5"},
				"east": {"uv": [5, 8.25, 4.875, 6.875], "texture": "#5"},
				"south": {"uv": [1.375, 2.875, 0, 4.875], "rotation": 90, "texture": "#5"},
				"west": {"uv": [7.25, 5.25, 7.125, 6.625], "rotation": 180, "texture": "#5"},
				"up": {"uv": [4, 6.5, 4.125, 8.5], "rotation": 90, "texture": "#5"},
				"down": {"uv": [5.25, 6.625, 5.375, 8.625], "rotation": 90, "texture": "#5"}
			}
		},
		{
			"name": "left_arm",
			"from": [17.5, 3, 3],
			"to": [19.5, 24, 6],
			"rotation": {"angle": 0, "axis": "y", "origin": [8, 8, 8]},
			"faces": {
				"north": {"uv": [5.25, 0.75, 7.875, 1], "rotation": 270, "texture": "#5"},
				"east": {"uv": [0.375, 7.625, 0, 5], "texture": "#5"},
				"south": {"uv": [7.875, 0.75, 5.25, 1], "rotation": 90, "texture": "#5"},
				"west": {"uv": [0.875, 5, 0.5, 7.625], "rotation": 180, "texture": "#5"},
				"up": {"uv": [7.75, 2.25, 8.125, 2.5], "rotation": 90, "texture": "#5"},
				"down": {"uv": [7.75, 2.625, 8.125, 2.875], "rotation": 90, "texture": "#5"}
			}
		},
		{
			"name": "left_arm",
			"from": [-3.01759, 3.36099, 4.02003],
			"to": [18.98241, 23.36099, 5.02003],
			"rotation": {"angle": 0, "axis": "y", "origin": [8, 8, 8]},
			"faces": {
				"north": {"uv": [0, 0, 2.5, 2.75], "rotation": 270, "texture": "#5"},
				"east": {"uv": [3.625, 9, 3.5, 6.5], "texture": "#5"},
				"south": {"uv": [2.5, 0, 0, 2.75], "rotation": 90, "texture": "#5"},
				"west": {"uv": [3.875, 6.5, 3.75, 9], "rotation": 180, "texture": "#5"},
				"up": {"uv": [3, 6.5, 3.125, 9.25], "rotation": 90, "texture": "#5"},
				"down": {"uv": [3.25, 6.5, 3.375, 9.25], "rotation": 90, "texture": "#5"}
			}
		},
		{
			"name": "left_arm",
			"from": [6, 16.5, 5.5],
			"to": [10, 19.5, 9.5],
			"rotation": {"angle": 0, "axis": "y", "origin": [8, 8, 8]},
			"faces": {
				"north": {"uv": [6.5, 7, 6.875, 7.5], "rotation": 270, "texture": "#5"},
				"east": {"uv": [7.625, 4.625, 7.125, 4.25], "texture": "#5"},
				"south": {"uv": [7, 7, 7.375, 7.5], "rotation": 90, "texture": "#5"},
				"west": {"uv": [7.625, 4.25, 7.125, 4.625], "rotation": 180, "texture": "#5"},
				"up": {"uv": [6.625, 3, 7.125, 3.5], "rotation": 90, "texture": "#5"},
				"down": {"uv": [6.625, 3.625, 7.125, 4.125], "rotation": 90, "texture": "#5"}
			}
		}
	],
	"gui_light": "front",
	"display": {
		"thirdperson_righthand": {
			"rotation": [0, -90, 0],
			"translation": [2.5, -3.75, 2.25],
			"scale": [0.7, 0.7, 0.7]
		},
		"thirdperson_lefthand": {
			"rotation": [0, -90, 0],
			"translation": [2.5, -3.75, 2.25],
			"scale": [0.7, 0.7, 0.7]
		},
		"firstperson_righthand": {
			"rotation": [0, -1, 8],
			"translation": [-5.5, -3.75, 2.75],
			"scale": [0.7, 0.7, 0.7]
		},
		"firstperson_lefthand": {
			"rotation": [0, -1, 8],
			"translation": [-5.5, -3.75, 2.75],
			"scale": [0.7, 0.7, 0.7]
		},
		"ground": {
			"rotation": [90, 0, 0],
			"scale": [0.8, 0.8, 0.8]
		},
		"gui": {
			"rotation": [0, 180, 0],
			"scale": [0.45, 0.45, 0.45]
		},
		"fixed": {
			"translation": [0, 0, 1.75],
			"scale": [0.45, 0.45, 0.45]
		}
	}
}