{
	"credit": "Made by samus2002",
	"texture_size": [128, 128],
	"textures": {
		"1": "dwarf_texture/dwarf_crossbow_standby"
	},
	"elements": [
		{
			"name": "left_arm",
			"from": [6.5, 7.25, 1.54289],
			"to": [9.5, 9.25, 17.54289],
			"rotation": {"angle": 0, "axis": "y", "origin": [8, 8, 8]},
			"faces": {
				"north": {"uv": [5.375, 4.625, 5.75, 4.875], "texture": "#1"},
				"east": {"uv": [4, 0, 6, 0.25], "texture": "#1"},
				"south": {"uv": [4.75, 5.375, 5.125, 5.625], "texture": "#1"},
				"west": {"uv": [4, 0.375, 6, 0.625], "texture": "#1"},
				"up": {"uv": [3.375, 4, 3, 2], "texture": "#1"},
				"down": {"uv": [3.875, 2, 3.5, 4], "texture": "#1"}
			}
		},
		{
			"name": "left_arm",
			"from": [4, 6.25, 0.54289],
			"to": [12, 8.25, 2.54289],
			"rotation": {"angle": 0, "axis": "y", "origin": [8, 8, 8]},
			"faces": {
				"north": {"uv": [0, 4.75, 1, 5], "texture": "#1"},
				"east": {"uv": [4.75, 5.75, 5, 6], "texture": "#1"},
				"south": {"uv": [4.75, 0.75, 5.75, 1], "texture": "#1"},
				"west": {"uv": [5.875, 1, 6.125, 1.25], "texture": "#1"},
				"up": {"uv": [2.125, 5, 1.125, 4.75], "texture": "#1"},
				"down": {"uv": [5.75, 1.125, 4.75, 1.375], "texture": "#1"}
			}
		},
		{
			"name": "left_arm",
			"from": [4.44454, 6.75, -0.1014],
			"to": [10.44454, 7.75, 1.8986],
			"rotation": {"angle": 45, "axis": "y", "origin": [8, 8, 8]},
			"faces": {
				"north": {"uv": [5, 3.5, 5.75, 3.625], "texture": "#1"},
				"east": {"uv": [5.875, 3.5, 6.125, 3.625], "texture": "#1"},
				"south": {"uv": [5.25, 5.375, 6, 5.5], "texture": "#1"},
				"west": {"uv": [5.875, 5.125, 6.125, 5.25], "texture": "#1"},
				"up": {"uv": [3.25, 5, 2.5, 4.75], "texture": "#1"},
				"down": {"uv": [5.5, 3.75, 4.75, 4], "texture": "#1"}
			}
		},
		{
			"name": "left_arm",
			"from": [-4.82843, 6.75, 4.19975],
			"to": [1.17157, 7.75, 6.19975],
			"rotation": {"angle": 0, "axis": "y", "origin": [8, 8, 8]},
			"faces": {
				"north": {"uv": [0, 5.5, 0.75, 5.625], "texture": "#1"},
				"east": {"uv": [2.5, 6, 2.75, 6.125], "texture": "#1"},
				"south": {"uv": [0.875, 5.5, 1.625, 5.625], "texture": "#1"},
				"west": {"uv": [2.875, 6, 3.125, 6.125], "texture": "#1"},
				"up": {"uv": [5.75, 2.25, 5, 2], "texture": "#1"},
				"down": {"uv": [5.75, 2.375, 5, 2.625], "texture": "#1"}
			}
		},
		{
			"name": "left_arm",
			"from": [7, 13.63173, 13.86396],
			"to": [9, 15.63173, 19.86396],
			"rotation": {"angle": 45, "axis": "x", "origin": [8, 8, 8]},
			"faces": {
				"north": {"uv": [5.875, 2, 6.125, 2.25], "texture": "#1"},
				"east": {"uv": [5, 2.75, 5.75, 3], "texture": "#1"},
				"south": {"uv": [5.875, 2.375, 6.125, 2.625], "texture": "#1"},
				"west": {"uv": [5, 3.125, 5.75, 3.375], "texture": "#1"},
				"up": {"uv": [3.625, 5.5, 3.375, 4.75], "texture": "#1"},
				"down": {"uv": [5.25, 4.125, 5, 4.875], "texture": "#1"}
			}
		},
		{
			"name": "left_arm",
			"from": [6.5, 9.25, 1.54289],
			"to": [7.5, 10.25, 7.54289],
			"rotation": {"angle": 0, "axis": "y", "origin": [8, 8, 8]},
			"faces": {
				"north": {"uv": [3.75, 4.125, 3.875, 4.25], "texture": "#1"},
				"east": {"uv": [2.5, 5.5, 3.25, 5.625], "texture": "#1"},
				"south": {"uv": [4.75, 4.125, 4.875, 4.25], "texture": "#1"},
				"west": {"uv": [3.375, 5.625, 4.125, 5.75], "texture": "#1"},
				"up": {"uv": [1.875, 6.375, 1.75, 5.625], "texture": "#1"},
				"down": {"uv": [2.125, 5.625, 2, 6.375], "texture": "#1"}
			}
		},
		{
			"name": "left_arm",
			"from": [8.5, 9.25, 1.54289],
			"to": [9.5, 10.25, 7.54289],
			"rotation": {"angle": 0, "axis": "y", "origin": [8, 8, 8]},
			"faces": {
				"north": {"uv": [4.75, 5.125, 4.875, 5.25], "texture": "#1"},
				"east": {"uv": [5.625, 3.75, 6.375, 3.875], "texture": "#1"},
				"south": {"uv": [1.5, 6, 1.625, 6.125], "texture": "#1"},
				"west": {"uv": [5.25, 5.625, 6, 5.75], "texture": "#1"},
				"up": {"uv": [4.375, 6.375, 4.25, 5.625], "texture": "#1"},
				"down": {"uv": [4.625, 5.625, 4.5, 6.375], "texture": "#1"}
			}
		},
		{
			"name": "left_arm",
			"from": [-0.84043, 7.75, 7.19783],
			"to": [1.15957, 8.75, 9.19783],
			"rotation": {"angle": -22.5, "axis": "y", "origin": [8, 8, 8]},
			"faces": {
				"north": {"uv": [6, 5.875, 6.25, 6], "texture": "#1"},
				"east": {"uv": [6.125, 0, 6.375, 0.125], "texture": "#1"},
				"south": {"uv": [6.125, 0.25, 6.375, 0.375], "texture": "#1"},
				"west": {"uv": [6.125, 0.5, 6.375, 0.625], "texture": "#1"},
				"up": {"uv": [6.125, 3, 5.875, 2.75], "texture": "#1"},
				"down": {"uv": [6.125, 3.125, 5.875, 3.375], "texture": "#1"}
			}
		},
		{
			"name": "left_arm",
			"from": [3.75, 5.75, 0.04289],
			"to": [4.75, 8.75, 3.04289],
			"rotation": {"angle": 0, "axis": "y", "origin": [8, 8, 8]},
			"faces": {
				"north": {"uv": [5.5, 5.875, 5.625, 6.25], "texture": "#1"},
				"east": {"uv": [1.75, 5.125, 2.125, 5.5], "texture": "#1"},
				"south": {"uv": [5.75, 5.875, 5.875, 6.25], "texture": "#1"},
				"west": {"uv": [3.75, 5.125, 4.125, 5.5], "texture": "#1"},
				"up": {"uv": [0.125, 6.375, 0, 6], "texture": "#1"},
				"down": {"uv": [0.375, 6, 0.25, 6.375], "texture": "#1"}
			}
		},
		{
			"name": "left_arm",
			"from": [-0.84043, 5.75, 7.19783],
			"to": [1.15957, 6.75, 9.19783],
			"rotation": {"angle": -22.5, "axis": "y", "origin": [8, 8, 8]},
			"faces": {
				"north": {"uv": [4.75, 6.125, 5, 6.25], "texture": "#1"},
				"east": {"uv": [6.125, 5.375, 6.375, 5.5], "texture": "#1"},
				"south": {"uv": [6.125, 5.625, 6.375, 5.75], "texture": "#1"},
				"west": {"uv": [6, 6.125, 6.25, 6.25], "texture": "#1"},
				"up": {"uv": [3.625, 6.125, 3.375, 5.875], "texture": "#1"},
				"down": {"uv": [4, 5.875, 3.75, 6.125], "texture": "#1"}
			}
		},
		{
			"name": "left_arm",
			"from": [14.84043, 5.75, 7.19783],
			"to": [16.84043, 6.75, 9.19783],
			"rotation": {"angle": 22.5, "axis": "y", "origin": [8, 8, 8]},
			"faces": {
				"north": {"uv": [6.25, 1, 6.5, 1.125], "texture": "#1"},
				"east": {"uv": [6.25, 1.25, 6.5, 1.375], "texture": "#1"},
				"south": {"uv": [6.25, 2, 6.5, 2.125], "texture": "#1"},
				"west": {"uv": [6.25, 2.25, 6.5, 2.375], "texture": "#1"},
				"up": {"uv": [6.125, 4.25, 5.875, 4], "texture": "#1"},
				"down": {"uv": [6.125, 4.375, 5.875, 4.625], "texture": "#1"}
			}
		},
		{
			"name": "left_arm",
			"from": [11.25, 5.75, 0.04289],
			"to": [12.25, 8.75, 3.04289],
			"rotation": {"angle": 0, "axis": "y", "origin": [8, 8, 8]},
			"faces": {
				"north": {"uv": [0.5, 6, 0.625, 6.375], "texture": "#1"},
				"east": {"uv": [4.25, 5.125, 4.625, 5.5], "texture": "#1"},
				"south": {"uv": [0.75, 6, 0.875, 6.375], "texture": "#1"},
				"west": {"uv": [5.375, 4.125, 5.75, 4.5], "texture": "#1"},
				"up": {"uv": [1.125, 6.375, 1, 6], "texture": "#1"},
				"down": {"uv": [1.375, 6, 1.25, 6.375], "texture": "#1"}
			}
		},
		{
			"name": "left_arm",
			"from": [14.84043, 7.75, 7.19783],
			"to": [16.84043, 8.75, 9.19783],
			"rotation": {"angle": 22.5, "axis": "y", "origin": [8, 8, 8]},
			"faces": {
				"north": {"uv": [2.5, 6.25, 2.75, 6.375], "texture": "#1"},
				"east": {"uv": [6.25, 2.5, 6.5, 2.625], "texture": "#1"},
				"south": {"uv": [6.25, 2.75, 6.5, 2.875], "texture": "#1"},
				"west": {"uv": [2.875, 6.25, 3.125, 6.375], "texture": "#1"},
				"up": {"uv": [6.125, 5, 5.875, 4.75], "texture": "#1"},
				"down": {"uv": [5.375, 5.875, 5.125, 6.125], "texture": "#1"}
			}
		},
		{
			"name": "left_arm",
			"from": [14.82843, 6.75, 4.19975],
			"to": [20.82843, 7.75, 6.19975],
			"rotation": {"angle": 0, "axis": "y", "origin": [8, 8, 8]},
			"faces": {
				"north": {"uv": [0, 5.75, 0.75, 5.875], "texture": "#1"},
				"east": {"uv": [6.25, 3, 6.5, 3.125], "texture": "#1"},
				"south": {"uv": [0.875, 5.75, 1.625, 5.875], "texture": "#1"},
				"west": {"uv": [3.25, 6.25, 3.5, 6.375], "texture": "#1"},
				"up": {"uv": [5.75, 5.25, 5, 5], "texture": "#1"},
				"down": {"uv": [0.75, 5.125, 0, 5.375], "texture": "#1"}
			}
		},
		{
			"name": "left_arm",
			"from": [5.55546, 6.75, -0.1014],
			"to": [11.55546, 7.75, 1.8986],
			"rotation": {"angle": -45, "axis": "y", "origin": [8, 8, 8]},
			"faces": {
				"north": {"uv": [2.5, 5.75, 3.25, 5.875], "texture": "#1"},
				"east": {"uv": [6.25, 3.25, 6.5, 3.375], "texture": "#1"},
				"south": {"uv": [5.875, 0.75, 6.625, 0.875], "texture": "#1"},
				"west": {"uv": [6.25, 3.5, 6.5, 3.625], "texture": "#1"},
				"up": {"uv": [1.625, 5.375, 0.875, 5.125], "texture": "#1"},
				"down": {"uv": [3.25, 5.125, 2.5, 5.375], "texture": "#1"}
			}
		},
		{
			"name": "left_arm",
			"from": [4.5, 7.25, -6.45711],
			"to": [11.5, 7.25, 0.54289],
			"rotation": {"angle": 0, "axis": "y", "origin": [8, 8, 8]},
			"faces": {
				"north": {"uv": [6.25, 5.25, 7.125, 5.25], "texture": "#1"},
				"east": {"uv": [6.375, 4, 7.25, 4], "texture": "#1"},
				"south": {"uv": [6.375, 4.125, 7.25, 4.125], "texture": "#1"},
				"west": {"uv": [6.375, 4.25, 7.25, 4.25], "texture": "#1"},
				"up": {"uv": [3.875, 0.875, 3, 0], "texture": "#1"},
				"down": {"uv": [3.875, 1, 3, 1.875], "texture": "#1"}
			}
		},
		{
			"name": "left_arm",
			"from": [-3.5, 7.30406, 0.40756],
			"to": [19.5, 7.30406, 18.40756],
			"rotation": {"angle": -22.5, "axis": "x", "origin": [7, 11.30406, 2.65756]},
			"faces": {
				"north": {"uv": [6.375, 5.875, 9.25, 5.875], "texture": "#1"},
				"east": {"uv": [6, 6.375, 8.25, 6.375], "texture": "#1"},
				"south": {"uv": [6.375, 6, 9.25, 6], "texture": "#1"},
				"west": {"uv": [6.375, 6.125, 8.625, 6.125], "texture": "#1"},
				"up": {"uv": [2.875, 2.25, 0, 0], "texture": "#1"},
				"down": {"uv": [2.875, 0, 0, 2.25], "texture": "#1"}
			}
		}
	],
	"gui_light": "front",
	"display": {
		"thirdperson_righthand": {
			"translation": [0, 0.5, -5.5],
			"scale": [0.8, 0.8, 0.8]
		},
		"thirdperson_lefthand": {
			"translation": [0, 0.5, -5.5],
			"scale": [0.8, 0.8, 0.8]
		},
		"firstperson_righthand": {
			"translation": [5.75, 0, 1]
		},
		"firstperson_lefthand": {
			"translation": [5.75, 0, 1]
		},
		"gui": {
			"rotation": [-90, -135, 180],
			"scale": [0.55, 0.55, 0.55]
		},
		"fixed": {
			"rotation": [-90, 135, 0],
			"translation": [0.75, -0.75, 0],
			"scale": [0.7, 0.7, 0.7]
		}
	}
}