{
	"credit": "Made by samus2002",
	"textures": {
		"1": "dwarf_texture/dwarf_cleric"
	},
	"elements": [
		{
			"name": "left_arm",
			"from": [8.25, -0.75, 7],
			"to": [10.25, 12.25, 9],
			"rotation": {"angle": 0, "axis": "y", "origin": [-6.5, 11.25, 10]},
			"faces": {
				"north": {"uv": [1.875, 7.25, 1.625, 8.875], "rotation": 180, "texture": "#1"},
				"east": {"uv": [9, 3.375, 7.375, 3.625], "rotation": 270, "texture": "#1"},
				"south": {"uv": [1.5, 8.875, 1.25, 7.25], "texture": "#1"},
				"west": {"uv": [7.375, 3.375, 9, 3.625], "rotation": 90, "texture": "#1"},
				"up": {"uv": [10.125, 7.25, 10.375, 7.5], "rotation": 180, "texture": "#1"},
				"down": {"uv": [8.625, 10.125, 8.875, 10.375], "texture": "#1"}
			}
		},
		{
			"name": "left_arm",
			"from": [7.25, 12.25, 6],
			"to": [11.25, 20.25, 10],
			"rotation": {"angle": 0, "axis": "y", "origin": [-6.5, 11.25, 10]},
			"faces": {
				"north": {"uv": [1.125, 6.375, 0.625, 7.375], "rotation": 180, "texture": "#1"},
				"east": {"uv": [7.125, 6.125, 6.125, 6.625], "rotation": 270, "texture": "#1"},
				"south": {"uv": [0.5, 7.25, 0, 6.25], "texture": "#1"},
				"west": {"uv": [6.125, 6.125, 7.125, 6.625], "rotation": 90, "texture": "#1"},
				"up": {"uv": [0.625, 8.75, 1.125, 9.25], "rotation": 180, "texture": "#1"},
				"down": {"uv": [8.75, 6.5, 9.25, 7], "texture": "#1"}
			}
		},
		{
			"name": "left_arm",
			"from": [3.25, 16.25, 8],
			"to": [7.25, 20.25, 8],
			"rotation": {"angle": 0, "axis": "y", "origin": [-6.5, 11.25, 10]},
			"faces": {
				"north": {"uv": [9.25, 7.125, 8.75, 7.625], "rotation": 180, "texture": "#1"},
				"east": {"uv": [0, 7.375, 0.5, 7.375], "rotation": 270, "texture": "#1"},
				"south": {"uv": [9.25, 7.625, 8.75, 7.125], "texture": "#1"},
				"west": {"uv": [1.25, 10.375, 1.75, 10.375], "rotation": 90, "texture": "#1"},
				"up": {"uv": [7.125, 5.125, 7.625, 5.125], "rotation": 180, "texture": "#1"},
				"down": {"uv": [10.25, 10, 10.75, 10], "texture": "#1"}
			}
		},
		{
			"name": "left_arm",
			"from": [11.25, 16.25, 8],
			"to": [15.25, 20.25, 8],
			"rotation": {"angle": 0, "axis": "y", "origin": [-6.5, 11.25, 10]},
			"faces": {
				"north": {"uv": [8.75, 7.125, 9.25, 7.625], "rotation": 180, "texture": "#1"},
				"east": {"uv": [10.375, 1.625, 10.875, 1.625], "rotation": 270, "texture": "#1"},
				"south": {"uv": [8.75, 7.625, 9.25, 7.125], "texture": "#1"},
				"west": {"uv": [3.75, 10.375, 4.25, 10.375], "rotation": 90, "texture": "#1"},
				"up": {"uv": [10.375, 1.5, 10.875, 1.5], "rotation": 180, "texture": "#1"},
				"down": {"uv": [10.375, 1.75, 10.875, 1.75], "texture": "#1"}
			}
		},
		{
			"name": "left_arm",
			"from": [9.25, 16.25, 10],
			"to": [9.25, 20.25, 14],
			"rotation": {"angle": 0, "axis": "y", "origin": [-6.5, 11.25, 10]},
			"faces": {
				"north": {"uv": [2.125, 10.375, 2.125, 10.875], "rotation": 180, "texture": "#1"},
				"east": {"uv": [5.125, 8.875, 4.625, 9.375], "rotation": 270, "texture": "#1"},
				"south": {"uv": [2, 10.875, 2, 10.375], "texture": "#1"},
				"west": {"uv": [4.625, 8.875, 5.125, 9.375], "rotation": 90, "texture": "#1"},
				"up": {"uv": [2.375, 4.75, 2.375, 5.25], "rotation": 180, "texture": "#1"},
				"down": {"uv": [1.875, 10.375, 1.875, 10.875], "texture": "#1"}
			}
		},
		{
			"name": "left_arm",
			"from": [9.25, 16.25, 2],
			"to": [9.25, 20.25, 6],
			"rotation": {"angle": 0, "axis": "y", "origin": [-6.5, 11.25, 10]},
			"faces": {
				"north": {"uv": [4.625, 10.375, 4.625, 10.875], "rotation": 180, "texture": "#1"},
				"east": {"uv": [5.125, 9.375, 4.625, 8.875], "rotation": 270, "texture": "#1"},
				"south": {"uv": [4.5, 10.875, 4.5, 10.375], "texture": "#1"},
				"west": {"uv": [4.625, 9.375, 5.125, 8.875], "rotation": 90, "texture": "#1"},
				"up": {"uv": [2.25, 10.375, 2.25, 10.875], "rotation": 180, "texture": "#1"},
				"down": {"uv": [4.375, 10.375, 4.375, 10.875], "texture": "#1"}
			}
		},
		{
			"name": "left_arm",
			"from": [7.75, -2.75, 6.5],
			"to": [10.75, -0.75, 9.5],
			"rotation": {"angle": 0, "axis": "y", "origin": [-6.5, 11.25, 10]},
			"faces": {
				"north": {"uv": [10.375, 3.375, 10, 3.625], "rotation": 180, "texture": "#1"},
				"east": {"uv": [0.25, 10, 0, 10.375], "rotation": 270, "texture": "#1"},
				"south": {"uv": [0.75, 10.25, 0.375, 10], "texture": "#1"},
				"west": {"uv": [0, 10, 0.25, 10.375], "rotation": 90, "texture": "#1"},
				"up": {"uv": [1, 9.625, 1.375, 10], "rotation": 180, "texture": "#1"},
				"down": {"uv": [9.75, 0, 10.125, 0.375], "texture": "#1"}
			}
		}
	],
	"gui_light": "front",
	"display": {
		"thirdperson_righthand": {
			"rotation": [0, 90, 0],
			"translation": [0, -0.5, 3.25]
		},
		"thirdperson_lefthand": {
			"rotation": [0, -90, 0],
			"translation": [0, -0.5, 3.25]
		},
		"firstperson_righthand": {
			"rotation": [0, 90, 0],
			"translation": [2.25, 2, 1.25]
		},
		"firstperson_lefthand": {
			"rotation": [0, -90, 0],
			"translation": [2.25, 2, 1.25]
		},
		"ground": {
			"rotation": [90, 0, 90]
		},
		"gui": {
			"rotation": [0, 0, -45],
			"translation": [-1.75, -0.75, 1.75],
			"scale": [0.7, 0.7, 0.7]
		},
		"fixed": {
			"rotation": [0, 180, -45],
			"translation": [1.75, -0.5, 0.25],
			"scale": [0.75, 0.75, 0.75]
		}
	}
}