{
	"credit": "Made by samus2002",
	"textures": {
		"1": "dwarf_texture/dwarf_cleric"
	},
	"elements": [
		{
			"name": "left_arm",
			"from": [9.97835, 5.25, 0.77165],
			"to": [10.47835, 14.25, 6.77165],
			"rotation": {"angle": 0, "axis": "y", "origin": [9.25, 9.75, 6.77165]},
			"faces": {
				"north": {"uv": [9.625, 6.125, 10.75, 6.25], "rotation": 90, "texture": "#1"},
				"east": {"uv": [5.875, 0, 5.125, 1.125], "texture": "#1"},
				"south": {"uv": [9.75, 4.25, 10.875, 4.375], "rotation": 270, "texture": "#1"},
				"west": {"uv": [0.75, 6.125, 0, 5], "rotation": 180, "texture": "#1"},
				"up": {"uv": [10, 8, 10.75, 8.125], "rotation": 270, "texture": "#1"},
				"down": {"uv": [10, 7.75, 10.75, 7.875], "rotation": 270, "texture": "#1"}
			}
		},
		{
			"name": "left_arm",
			"from": [9.97835, 5.25, 6.77165],
			"to": [10.47835, 14.25, 12.77165],
			"rotation": {"angle": 0, "axis": "y", "origin": [9.25, 9.75, 6.77165]},
			"faces": {
				"north": {"uv": [9.75, 4.5, 10.875, 4.625], "rotation": 90, "texture": "#1"},
				"east": {"uv": [6, 2.5, 5.25, 3.625], "texture": "#1"},
				"south": {"uv": [9.75, 4.75, 10.875, 4.875], "rotation": 270, "texture": "#1"},
				"west": {"uv": [6, 2.375, 5.25, 1.25], "rotation": 180, "texture": "#1"},
				"up": {"uv": [10, 8.5, 10.75, 8.625], "rotation": 270, "texture": "#1"},
				"down": {"uv": [10, 8.25, 10.75, 8.375], "rotation": 270, "texture": "#1"}
			}
		},
		{
			"name": "left_arm",
			"from": [9.22835, 5.75, 6.77165],
			"to": [9.97835, 13.75, 11.77165],
			"rotation": {"angle": 0, "axis": "y", "origin": [9.25, 9.75, 6.77165]},
			"faces": {
				"north": {"uv": [9.875, 0.5, 10.875, 0.625], "rotation": 90, "texture": "#1"},
				"east": {"uv": [6.75, 1.125, 6.125, 2.125], "texture": "#1"},
				"south": {"uv": [9.875, 0.75, 10.875, 0.875], "rotation": 270, "texture": "#1"},
				"west": {"uv": [6.625, 1, 6, 0], "rotation": 180, "texture": "#1"},
				"up": {"uv": [10, 9, 10.625, 9.125], "rotation": 270, "texture": "#1"},
				"down": {"uv": [10, 8.75, 10.625, 8.875], "rotation": 270, "texture": "#1"}
			}
		},
		{
			"name": "left_arm",
			"from": [9.22835, 5.75, 1.77165],
			"to": [9.97835, 13.75, 6.77165],
			"rotation": {"angle": 0, "axis": "y", "origin": [9.25, 9.75, 6.77165]},
			"faces": {
				"north": {"uv": [9.875, 1, 10.875, 1.125], "rotation": 90, "texture": "#1"},
				"east": {"uv": [6.75, 2.25, 6.125, 3.25], "texture": "#1"},
				"south": {"uv": [9.875, 1.25, 10.875, 1.375], "rotation": 270, "texture": "#1"},
				"west": {"uv": [2.625, 7.125, 2, 6.125], "rotation": 180, "texture": "#1"},
				"up": {"uv": [1.625, 10.125, 2.25, 10.25], "rotation": 270, "texture": "#1"},
				"down": {"uv": [0.875, 10.125, 1.5, 10.25], "rotation": 270, "texture": "#1"}
			}
		},
		{
			"name": "left_arm",
			"from": [9.23, 5.75, 1.76336],
			"to": [9.23, 13.75, 6.76336],
			"rotation": {"angle": 22.5, "axis": "y", "origin": [9.25, 9.75, 6.77165]},
			"faces": {
				"north": {"uv": [5, 11.375, 5, 10.375], "rotation": 180, "texture": "#1"},
				"east": {"uv": [4.875, 6.125, 3.875, 6.75], "rotation": 90, "texture": "#1"},
				"south": {"uv": [9, 10.375, 9, 11.375], "texture": "#1"},
				"west": {"uv": [3.875, 6.125, 4.875, 6.75], "rotation": 270, "texture": "#1"},
				"up": {"uv": [4.875, 10.375, 4.875, 11], "texture": "#1"},
				"down": {"uv": [4.75, 10.375, 4.75, 11], "rotation": 180, "texture": "#1"}
			}
		}
	],
	"gui_light": "front",
	"display": {
		"thirdperson_righthand": {
			"rotation": [0, 90, 0],
			"translation": [1, 0.5, 3.25]
		},
		"thirdperson_lefthand": {
			"rotation": [0, -90, 0],
			"translation": [-0.25, 0.5, 3.25]
		},
		"firstperson_righthand": {
			"rotation": [-42, 86, -2],
			"translation": [1, 3.75, 1.75]
		},
		"firstperson_lefthand": {
			"rotation": [-42, -86, -2],
			"translation": [1, 3.75, 1.75]
		},
		"ground": {
			"rotation": [0, 0, -90],
			"translation": [-2.5, 0, 1]
		},
		"gui": {
			"rotation": [-51, 90, 24],
			"translation": [1.25, -0.5, 1.75]
		},
		"fixed": {
			"rotation": [-180, 90, 7],
			"translation": [1.25, 2.25, -2]
		}
	}
}