{
	"credit": "Made by samus2002",
	"texture_size": [128, 128],
	"textures": {
		"1": "dwarf_texture/dwarf_crossbow_pulling_2"
	},
	"elements": [
		{
			"name": "left_arm",
			"from": [7.25, 7.75, 1.5],
			"to": [8.25, 8.75, 14.5],
			"rotation": {"angle": 0, "axis": "y", "origin": [8, 8, 8]},
			"faces": {
				"north": {"uv": [1.5, 6.25, 1.625, 6.375], "texture": "#1"},
				"east": {"uv": [4.75, 1.5, 6.375, 1.625], "texture": "#1"},
				"south": {"uv": [3.625, 6.25, 3.75, 6.375], "texture": "#1"},
				"west": {"uv": [4.75, 1.75, 6.375, 1.875], "texture": "#1"},
				"up": {"uv": [4.875, 3.625, 4.75, 2], "texture": "#1"},
				"down": {"uv": [2.375, 4.75, 2.25, 6.375], "texture": "#1"}
			}
		},
		{
			"name": "left_arm",
			"from": [7.75, 5.75, -1.5],
			"to": [7.75, 9.75, 3.5],
			"rotation": {"angle": 0, "axis": "y", "origin": [8, 8, 8]},
			"faces": {
				"north": {"uv": [4.125, 5.875, 4.125, 6.375], "texture": "#1"},
				"east": {"uv": [4, 3.75, 4.625, 4.25], "texture": "#1"},
				"south": {"uv": [3.875, 6.25, 3.875, 6.75], "texture": "#1"},
				"west": {"uv": [3, 4.125, 3.625, 4.625], "texture": "#1"},
				"up": {"uv": [4, 6.875, 4, 6.25], "texture": "#1"},
				"down": {"uv": [6.25, 4, 6.25, 4.625], "texture": "#1"}
			}
		},
		{
			"name": "left_arm",
			"from": [5.25, 8.25, 12.5],
			"to": [10.25, 8.25, 17.5],
			"rotation": {"angle": 0, "axis": "y", "origin": [8, 8, 8]},
			"faces": {
				"north": {"uv": [6.25, 4.75, 6.875, 4.75], "texture": "#1"},
				"east": {"uv": [6.25, 4.875, 6.875, 4.875], "texture": "#1"},
				"south": {"uv": [6.25, 5, 6.875, 5], "texture": "#1"},
				"west": {"uv": [6.25, 5.125, 6.875, 5.125], "texture": "#1"},
				"up": {"uv": [4.625, 1.375, 4, 0.75], "texture": "#1"},
				"down": {"uv": [4.625, 1.5, 4, 2.125], "texture": "#1"}
			}
		},
		{
			"name": "left_arm",
			"from": [6.25, 8.25, -1.5],
			"to": [10.25, 8.25, 3.5],
			"rotation": {"angle": 0, "axis": "y", "origin": [8, 8, 8]},
			"faces": {
				"north": {"uv": [6.375, 4.375, 6.875, 4.375], "texture": "#1"},
				"east": {"uv": [6.375, 4.5, 7, 4.5], "texture": "#1"},
				"south": {"uv": [6.375, 4.625, 6.875, 4.625], "texture": "#1"},
				"west": {"uv": [4.75, 6.375, 5.375, 6.375], "texture": "#1"},
				"up": {"uv": [4.25, 5, 3.75, 4.375], "texture": "#1"},
				"down": {"uv": [4.25, 4.375, 3.75, 5], "texture": "#1"}
			}
		},
		{
			"name": "left_arm",
			"from": [7.75, 5.75, 12.5],
			"to": [7.75, 10.75, 17.5],
			"rotation": {"angle": 0, "axis": "y", "origin": [8, 8, 8]},
			"faces": {
				"north": {"uv": [5.5, 6.375, 5.5, 7], "texture": "#1"},
				"east": {"uv": [4.625, 3, 4, 3.625], "texture": "#1"},
				"south": {"uv": [5.625, 6.375, 5.625, 7], "texture": "#1"},
				"west": {"uv": [4, 3, 4.625, 3.625], "texture": "#1"},
				"up": {"uv": [5.75, 7, 5.75, 6.375], "texture": "#1"},
				"down": {"uv": [5.875, 6.375, 5.875, 7], "texture": "#1"}
			}
		}
	],
	"gui_light": "front",
	"display": {
		"thirdperson_righthand": {
			"rotation": [115, 0, 0],
			"translation": [0, -1.25, 0.75],
			"scale": [0.8, 0.8, 0.8]
		},
		"thirdperson_lefthand": {
			"rotation": [115, 0, 0],
			"translation": [0, -1.25, 0.75],
			"scale": [0.8, 0.8, 0.8]
		},
		"firstperson_righthand": {
			"rotation": [62, 0, 0],
			"translation": [3, 2, 0.75],
			"scale": [0.8, 0.8, 0.8]
		},
		"firstperson_lefthand": {
			"rotation": [62, 0, 0],
			"translation": [3, 2, 0.75],
			"scale": [0.8, 0.8, 0.8]
		},
		"ground": {
			"scale": [0.8, 0.8, 0.8]
		},
		"gui": {
			"rotation": [-90, -135, 180],
			"translation": [0.25, -0.25, 0],
			"scale": [0.9, 0.9, 0.9]
		},
		"head": {
			"translation": [0, -19, 0],
			"scale": [2, 2, 2]
		},
		"fixed": {
			"rotation": [-90, 135, 180],
			"translation": [0.25, 0, 0],
			"scale": [0.9, 0.9, 0.9]
		}
	}
}