{
	"credit": "Made by samus2002",
	"textures": {
		"0": "dwarf_texture/dwarf_knight",
		"particle": "dwarf_texture/dwarf_knight"
	},
	"elements": [
		{
			"name": "left_arm",
			"from": [5.25978, 15.89645, 7.5],
			"to": [7.25978, 18.89645, 8.5],
			"rotation": {"angle": 0, "axis": "y", "origin": [8, 8, 8]},
			"faces": {
				"north": {"uv": [11.875, 5.5, 12.25, 5.75], "rotation": 90, "texture": "#0"},
				"east": {"uv": [10.625, 11.25, 10.5, 11.625], "rotation": 180, "texture": "#0"},
				"south": {"uv": [12.25, 5.5, 11.875, 5.75], "rotation": 270, "texture": "#0"},
				"west": {"uv": [5.375, 10.75, 5.25, 10.375], "texture": "#0"},
				"up": {"uv": [5.5, 12.125, 5.625, 12.375], "rotation": 270, "texture": "#0"},
				"down": {"uv": [5.75, 12.125, 5.875, 12.375], "rotation": 270, "texture": "#0"}
			}
		},
		{
			"name": "left_arm",
			"from": [8.25978, -3.10355, 7],
			"to": [10.25978, 14.89645, 9],
			"rotation": {"angle": 0, "axis": "y", "origin": [8, 8, 8]},
			"faces": {
				"north": {"uv": [2.375, 5.125, 4.625, 5.375], "rotation": 90, "texture": "#0"},
				"east": {"uv": [5.375, 5.375, 5.125, 7.625], "rotation": 180, "texture": "#0"},
				"south": {"uv": [4.625, 5.125, 2.375, 5.375], "rotation": 270, "texture": "#0"},
				"west": {"uv": [5, 7.625, 4.75, 5.375], "texture": "#0"},
				"up": {"uv": [12, 11, 12.25, 11.25], "rotation": 270, "texture": "#0"},
				"down": {"uv": [11.125, 12, 11.375, 12.25], "rotation": 270, "texture": "#0"}
			}
		},
		{
			"name": "left_arm",
			"from": [7.25978, 14.89645, 6.5],
			"to": [13.25978, 19.89645, 9.5],
			"rotation": {"angle": 0, "axis": "y", "origin": [8, 8, 8]},
			"faces": {
				"north": {"uv": [5.5, 5.375, 6.125, 6.125], "rotation": 90, "texture": "#0"},
				"east": {"uv": [10, 0.5, 9.625, 1.125], "rotation": 180, "texture": "#0"},
				"south": {"uv": [6.125, 5.375, 5.5, 6.125], "rotation": 270, "texture": "#0"},
				"west": {"uv": [8, 10.125, 7.625, 9.5], "texture": "#0"},
				"up": {"uv": [4, 7.875, 4.375, 8.625], "rotation": 270, "texture": "#0"},
				"down": {"uv": [8, 3, 8.375, 3.75], "rotation": 270, "texture": "#0"}
			}
		},
		{
			"name": "left_arm",
			"from": [13.25978, 12.89645, 7.475],
			"to": [18.25978, 21.89645, 8.525],
			"rotation": {"angle": 0, "axis": "y", "origin": [8, 8, 8]},
			"faces": {
				"north": {"uv": [0, 4.375, 1.125, 5], "rotation": 90, "texture": "#0"},
				"east": {"uv": [4.375, 10.875, 4.25, 12], "rotation": 180, "texture": "#0"},
				"south": {"uv": [1.125, 4.375, 0, 5], "rotation": 270, "texture": "#0"},
				"west": {"uv": [3.125, 12, 3, 10.875], "texture": "#0"},
				"up": {"uv": [5, 12, 5.125, 12.625], "rotation": 270, "texture": "#0"},
				"down": {"uv": [5.25, 12, 5.375, 12.625], "rotation": 270, "texture": "#0"}
			}
		},
		{
			"name": "left_arm",
			"from": [7.25978, 19.89645, 8],
			"to": [11.25978, 23.89645, 8],
			"rotation": {"angle": 0, "axis": "y", "origin": [8, 8, 8]},
			"faces": {
				"north": {"uv": [8.875, 5, 9.375, 5.5], "rotation": 90, "texture": "#0"},
				"east": {"uv": [12, 12.125, 12, 12.625], "rotation": 180, "texture": "#0"},
				"south": {"uv": [9.375, 5, 8.875, 5.5], "rotation": 270, "texture": "#0"},
				"west": {"uv": [7.75, 12.5, 7.75, 12], "texture": "#0"},
				"up": {"uv": [9.25, 11.875, 9.25, 12.375], "rotation": 270, "texture": "#0"},
				"down": {"uv": [0.875, 12, 0.875, 12.5], "rotation": 270, "texture": "#0"}
			}
		},
		{
			"name": "left_arm",
			"from": [7.25978, -5.10355, 6],
			"to": [11.25978, -3.10355, 10],
			"rotation": {"angle": 0, "axis": "y", "origin": [8, 8, 8]},
			"faces": {
				"north": {"uv": [10.125, 11.25, 10.375, 11.75], "rotation": 90, "texture": "#0"},
				"east": {"uv": [11.875, 0, 11.375, 0.25], "rotation": 180, "texture": "#0"},
				"south": {"uv": [10.375, 11.25, 10.125, 11.75], "rotation": 270, "texture": "#0"},
				"west": {"uv": [0.5, 11.625, 0, 11.375], "texture": "#0"},
				"up": {"uv": [5.625, 8.875, 6.125, 9.375], "rotation": 270, "texture": "#0"},
				"down": {"uv": [6.25, 8.875, 6.75, 9.375], "rotation": 270, "texture": "#0"}
			}
		},
		{
			"name": "left_arm",
			"from": [10.44376, -6.47177, 7],
			"to": [14.44376, -3.47177, 9],
			"rotation": {"angle": -22.5, "axis": "z", "origin": [8, 8, 8]},
			"faces": {
				"north": {"uv": [1.5, 10.125, 1.875, 10.625], "rotation": 90, "texture": "#0"},
				"east": {"uv": [12.125, 6.375, 11.875, 6.75], "rotation": 180, "texture": "#0"},
				"south": {"uv": [1.875, 10.125, 1.5, 10.625], "rotation": 270, "texture": "#0"},
				"west": {"uv": [12.125, 6.25, 11.875, 5.875], "texture": "#0"},
				"up": {"uv": [0.625, 11.375, 0.875, 11.875], "rotation": 270, "texture": "#0"},
				"down": {"uv": [2.25, 11.375, 2.5, 11.875], "rotation": 270, "texture": "#0"}
			}
		},
		{
			"name": "left_arm",
			"from": [3.96979, -7.31464, 7],
			"to": [7.96979, -4.31464, 9],
			"rotation": {"angle": 22.5, "axis": "z", "origin": [8, 8, 8]},
			"faces": {
				"north": {"uv": [0, 10.25, 0.375, 10.75], "rotation": 90, "texture": "#0"},
				"east": {"uv": [8.125, 11.875, 7.875, 12.25], "rotation": 180, "texture": "#0"},
				"south": {"uv": [0.375, 10.25, 0, 10.75], "rotation": 270, "texture": "#0"},
				"west": {"uv": [6.875, 12.25, 6.625, 11.875], "texture": "#0"},
				"up": {"uv": [2.625, 11.375, 2.875, 11.875], "rotation": 270, "texture": "#0"},
				"down": {"uv": [11.375, 2.875, 11.625, 3.375], "rotation": 270, "texture": "#0"}
			}
		},
		{
			"name": "left_arm",
			"from": [8.25978, -8.10355, 6],
			"to": [10.25978, -5.10355, 10],
			"rotation": {"angle": 0, "axis": "y", "origin": [8, 8, 8]},
			"faces": {
				"north": {"uv": [8.75, 11.875, 9.125, 12.125], "rotation": 90, "texture": "#0"},
				"east": {"uv": [10.75, 3.5, 10.25, 3.875], "rotation": 180, "texture": "#0"},
				"south": {"uv": [9.125, 11.875, 8.75, 12.125], "rotation": 270, "texture": "#0"},
				"west": {"uv": [10.75, 3.375, 10.25, 3], "texture": "#0"},
				"up": {"uv": [5.5, 11.375, 6, 11.625], "rotation": 270, "texture": "#0"},
				"down": {"uv": [11.375, 8.875, 11.875, 9.125], "rotation": 270, "texture": "#0"}
			}
		},
		{
			"name": "left_arm",
			"from": [1.25978, 15.39645, 7],
			"to": [5.25978, 19.39645, 9],
			"rotation": {"angle": 0, "axis": "y", "origin": [8, 8, 8]},
			"faces": {
				"north": {"uv": [8.75, 9.125, 9.25, 9.625], "rotation": 90, "texture": "#0"},
				"east": {"uv": [11.375, 11.375, 11.125, 11.875], "rotation": 180, "texture": "#0"},
				"south": {"uv": [9.25, 9.125, 8.75, 9.625], "rotation": 270, "texture": "#0"},
				"west": {"uv": [9.875, 11.875, 9.625, 11.375], "texture": "#0"},
				"up": {"uv": [7.125, 11.375, 7.375, 11.875], "rotation": 270, "texture": "#0"},
				"down": {"uv": [11.375, 9.25, 11.625, 9.75], "rotation": 270, "texture": "#0"}
			}
		},
		{
			"name": "left_arm",
			"from": [2.36871, 18.01056, 8],
			"to": [6.36871, 21.01056, 8],
			"rotation": {"angle": 22.5, "axis": "z", "origin": [8, 8, 8]},
			"faces": {
				"north": {"uv": [7.25, 10.25, 7.625, 10.75], "rotation": 90, "texture": "#0"},
				"east": {"uv": [0.125, 12.25, 0.125, 12.625], "rotation": 180, "texture": "#0"},
				"south": {"uv": [7.625, 10.25, 7.25, 10.75], "rotation": 270, "texture": "#0"},
				"west": {"uv": [12.25, 0.375, 12.25, 0], "texture": "#0"},
				"up": {"uv": [12.125, 12.125, 12.125, 12.625], "rotation": 270, "texture": "#0"},
				"down": {"uv": [0, 12.25, 0, 12.75], "rotation": 270, "texture": "#0"}
			}
		},
		{
			"name": "left_arm",
			"from": [21.08103, 10.57152, 7.5],
			"to": [25.08103, 16.57152, 8.5],
			"rotation": {"angle": 45, "axis": "z", "origin": [8, 8, 8]},
			"faces": {
				"north": {"uv": [6.125, 0, 6.875, 0.5], "rotation": 90, "texture": "#0"},
				"east": {"uv": [0.5, 11.75, 0.375, 12.5], "rotation": 180, "texture": "#0"},
				"south": {"uv": [6.875, 0, 6.125, 0.5], "rotation": 270, "texture": "#0"},
				"west": {"uv": [9.5, 12.25, 9.375, 11.5], "texture": "#0"},
				"up": {"uv": [5.875, 1.625, 6, 2.125], "rotation": 270, "texture": "#0"},
				"down": {"uv": [4.25, 8.75, 4.375, 9.25], "rotation": 270, "texture": "#0"}
			}
		},
		{
			"name": "left_arm",
			"from": [7.79245, 12.71707, 7.5],
			"to": [11.79245, 18.71707, 8.5],
			"rotation": {"angle": -45, "axis": "z", "origin": [8, 8, 8]},
			"faces": {
				"north": {"uv": [3, 6.375, 3.75, 6.875], "rotation": 90, "texture": "#0"},
				"east": {"uv": [11, 11.75, 10.875, 12.5], "rotation": 180, "texture": "#0"},
				"south": {"uv": [3.75, 6.375, 3, 6.875], "rotation": 270, "texture": "#0"},
				"west": {"uv": [4.125, 12.5, 4, 11.75], "texture": "#0"},
				"up": {"uv": [6.375, 12, 6.5, 12.5], "rotation": 270, "texture": "#0"},
				"down": {"uv": [3, 12.125, 3.125, 12.625], "rotation": 270, "texture": "#0"}
			}
		}
	],
	"gui_light": "front",
	"display": {
		"thirdperson_righthand": {
			"rotation": [0, 90, 0],
			"translation": [0, -0.5, 3.25]
		},
		"thirdperson_lefthand": {
			"rotation": [0, -90, 0],
			"translation": [0, -0.5, 3.25]
		},
		"firstperson_righthand": {
			"rotation": [0, 90, 0],
			"translation": [2.25, 2, 1.25]
		},
		"firstperson_lefthand": {
			"rotation": [0, -90, 0],
			"translation": [2.25, 2, 1.25]
		},
		"ground": {
			"rotation": [90, 0, 90]
		},
		"gui": {
			"rotation": [0, 0, -45],
			"translation": [-1.25, 0.25, 1.75],
			"scale": [0.5, 0.5, 0.5]
		},
		"fixed": {
			"rotation": [0, 180, -45],
			"translation": [1.5, 0.25, 0.25],
			"scale": [0.6, 0.6, 0.6]
		}
	}
}