{"sources":[{"source":"entity","prefix":"entity/","type":"directory"},{"resource":"minecraft:nocsy/toffy_yarn","sprite":"minecraft:nocsy/toffy_yarn","type":"single"},{"type":"single","resource":"sombreros:hats/witch_hat_green_model"},{"type":"single","resource":"sombreros:hats/lightning_rod"},{"type":"single","resource":"enchants:ae/blackscroll"},{"type":"single","resource":"mercados:mercado/potato"},{"type":"single","resource":"modelengine:entity/bufo_bufo_youngling"},{"type":"single","resource":"modelengine:entity/dwarf_blacksmith"},{"type":"single","resource":"mercados:mercado/bone_meal"},{"type":"single","resource":"dwarf_texture/dwarf_crossbow_pulling_2"},{"type":"single","resource":"dwarf_texture/dwarf_crossbow_pulling_1"},{"type":"single","resource":"sombreros:hats/plague_cleric"},{"type":"single","resource":"enchants:ae/holywhitescroll"},{"type":"single","resource":"blossom:items/blossom_pickaxe"},{"type":"single","resource":"dwarf_texture/dwarf_crossbow_pulling_0"},{"type":"single","resource":"items:moon/moon_pickaxe"},{"type":"single","resource":"modelengine:entity/imp"},{"type":"single","resource":"sombreros:hats/witch_hat_purple_model"},{"type":"single","resource":"coins:crates/fertilizer_speed"},{"type":"single","resource":"modelengine:entity/capra3"},{"type":"single","resource":"items:totems/totem_aqua"},{"type":"single","resource":"_iainternal:icons/icon_next_orange"},{"type":"single","resource":"items:totems/warden_totem"},{"type":"single","resource":"sombreros:hats/cool_glasses"},{"type":"single","resource":"blossom:items/blossom_shovel"},{"type":"single","resource":"items:moon/moon_shovel"},{"type":"single","resource":"items:totems/totem_attack"},{"type":"single","resource":"items:purpleworldset/purpleworld_sword"},{"type":"single","resource":"sombreros:hats/turkey_helmet"},{"type":"single","resource":"items:steampunk_crossbow/heartseeker_varus_bow_decoration"},{"type":"single","resource":"modelengine:entity/bufo_bufo_eyes"},{"type":"single","resource":"sombreros:hats/pirate_hat"},{"type":"single","resource":"nexusset:armor/nexus_chestplate_icon"},{"type":"single","resource":"modelengine:entity/nocsy_otter_v2"},{"type":"single","resource":"modelengine:entity/bs_cc_rhino_texture"},{"type":"single","resource":"items:steampunk_crossbow/heartseeker_varus_bow"},{"type":"single","resource":"items:purpleworldset/purpleworld_shovel"},{"type":"single","resource":"sombreros:hats/bunny_ears"},{"type":"single","resource":"sombreros:hats/headphones"},{"type":"single","resource":"items:pickaxes/vortex_pickaxe_ring"},{"type":"single","resource":"_iainternal:icons/icon_cancel"},{"type":"single","resource":"sombreros:hats/donkey_hide_hood"},{"type":"single","resource":"modelengine:entity/bufo_bufo_hit"},{"type":"single","resource":"items:steampunk_crossbow/gear_2"},{"type":"single","resource":"items:steampunk_crossbow/gear_3"},{"type":"single","resource":"items:totems/totem_earth"},{"type":"single","resource":"mercados:mercado/carrot"},{"type":"single","resource":"items:steampunk_crossbow/gear_4"},{"type":"single","resource":"_iainternal:icons/icon_arrow_chest"},{"type":"single","resource":"sombreros:hats/chef_hat"},{"type":"single","resource":"christmas:items/christmas_axe"},{"type":"single","resource":"items:armor/suit_helmet"},{"type":"single","resource":"enchants:ae/randomizer"},{"type":"single","resource":"items:pickaxes/vortex_pickaxe"},{"type":"single","resource":"items:steampunk_crossbow/electric_blue_animation_2"},{"type":"single","resource":"items:steampunk_crossbow/electric_blue_animation_3"},{"type":"single","resource":"sombreros:hats/axolotl_hat"},{"type":"single","resource":"items:pickaxes/martian_pickaxe"},{"type":"single","resource":"items:steampunk_crossbow/electric_blue_animation_4"},{"type":"single","resource":"dwarf_texture/blacksmith_sword"},{"type":"single","resource":"items:steampunk_crossbow/smoke_animationt"},{"type":"single","resource":"modelengine:entity/concussion"},{"type":"single","resource":"modelengine:entity/slashfx"},{"type":"single","resource":"nexusset:shovel"},{"type":"single","resource":"modelengine:entity/bs_cc_elephant_texture"},{"type":"single","resource":"mercados:mercado/bamboo"},{"type":"single","resource":"dwarf_texture/blacksmith_spear"},{"type":"single","resource":"blossom:items/blossom_crown"},{"type":"single","resource":"nexusset:armor/nexus_boots_icon"},{"type":"single","resource":"items:totems/totem_2"},{"type":"single","resource":"items:totems/totem_1"},{"type":"single","resource":"sombreros:hats/casino_fedora"},{"type":"single","resource":"minecraft:nocsy/toffy_yarn"},{"type":"single","resource":"modelengine:entity/toro_queenbee"},{"type":"single","resource":"items:purpleworldset/purpleworld_dagger"},{"type":"single","resource":"mercados:mercado/blaze_powder"},{"type":"single","resource":"coins:crates/fertilizer_star"},{"type":"single","resource":"littleroom_bufobufo:bufo_bufo_bubbles"},{"type":"single","resource":"modelengine:entity/bufo_bufo_splash"},{"type":"single","resource":"sombreros:hats/polar_bear_hood"},{"type":"single","resource":"elitecreatures:darkflame_animated_weapon_set/darkflame_animation_01texture"},{"type":"single","resource":"items:totems/totem_fire"},{"type":"single","resource":"enchants:ae/comun"},{"type":"single","resource":"nexusset:animations/animations_nexus"},{"type":"single","resource":"coins:crates/fertilizer_gold"},{"type":"single","resource":"items:steampunk_crossbow/heartseeker_varus_arrow_decoration"},{"type":"single","resource":"coins:crates/fertilizer_multiplier"},{"type":"single","resource":"nexusset:greatsword"},{"type":"single","resource":"sombreros:hats/jack-o-helmet"},{"type":"single","resource":"modelengine:entity/toy_bone"},{"type":"single","resource":"items:moon/moon_rod"},{"type":"single","resource":"modelengine:entity/dwarf_cleric"},{"type":"single","resource":"nocsy/nocsy_magic_cat_icon"},{"type":"single","resource":"modelengine:entity/baby_walle"},{"type":"single","resource":"nexusset:trident"},{"type":"single","resource":"sombreros:hats/crafter_top"},{"type":"single","resource":"sombreros:hats/spyglass_model"},{"type":"single","resource":"modelengine:entity/phillip"},{"type":"single","resource":"enchants:ae/legendario"},{"type":"single","resource":"custom/bs_cc_rhino_texture"},{"type":"single","resource":"items:armor/suit_boots"},{"type":"single","resource":"christmas:items/cracked_arrow_texture_christmas"},{"type":"single","resource":"blossom:items/blossom_sword"},{"type":"single","resource":"items:totems/totem_of_undying"},{"type":"single","resource":"items:steampunk_crossbow/electric_blue_animation"},{"type":"single","resource":"modelengine:entity/blacksmith_sword"},{"type":"single","resource":"nexusset:crossbow"},{"type":"single","resource":"dwarf_texture/dwarf_knight"},{"type":"single","resource":"mercados:mercado/wheat_2"},{"type":"single","resource":"dwarf_texture/blacksmith_shield"},{"type":"single","resource":"custom/bs_cc_elephant_texture"},{"type":"single","resource":"sombreros:hats/witch_hat_yellow_model"},{"type":"single","resource":"items:purpleworldset/purpleworld_bow"},{"type":"single","resource":"modelengine:entity/bufo_bufo"},{"type":"single","resource":"_iainternal:icons/icon_search"},{"type":"single","resource":"nexusset:hoe"},{"type":"single","resource":"modelengine:entity/bufo_bufo_tongue"},{"type":"single","resource":"christmas:items/christmas_tie"},{"type":"single","resource":"modelengine:entity/blacksmith_anvil"},{"type":"single","resource":"sombreros:hats/witch_hat_cyan_model"},{"type":"single","resource":"items:moon/moon_shield"},{"type":"single","resource":"nocsy/toffy_yarn"},{"type":"single","resource":"mercados:mercado/nether_wart"},{"type":"single","resource":"items:moon/moon_sword"},{"type":"single","resource":"nexusset:pickaxe"},{"type":"single","resource":"coins:coin/bronce"},{"type":"single","resource":"modelengine:entity/caprachains"},{"type":"single","resource":"items:pickaxes/otw_pickaxe"},{"type":"single","resource":"modelengine:entity/blacksmith_spear"},{"type":"single","resource":"items:moon/moon_bow"},{"type":"single","resource":"sombreros:hats/van_helsing"},{"type":"single","resource":"items:pickaxes/solar_pickaxe"},{"type":"single","resource":"mercados:mercado/wheat"},{"type":"single","resource":"nocsy/nocsy_corgi_icon"},{"type":"single","resource":"christmas:items/red_santa_hat"},{"type":"single","resource":"items:armor/suit_chest"},{"type":"single","resource":"items:totems/totem_health"},{"type":"single","resource":"_iainternal:icons/icon_left_blue"},{"type":"single","resource":"items:totems/totem_air"},{"type":"single","resource":"items:totems/god_totem"},{"type":"single","resource":"modelengine:entity/bufo_bufo_eyes_dead"},{"type":"single","resource":"sombreros:hats/fox"},{"type":"single","resource":"modelengine:entity/blacksmith_iron"},{"type":"single","resource":"nocsy/toy_bone"},{"type":"single","resource":"christmas:items/christmas_bow"},{"type":"single","resource":"modelengine:entity/dwarf_knight"},{"type":"single","resource":"modelengine:entity/magiccircle"},{"type":"single","resource":"sombreros:hats/axolotl1"},{"type":"single","resource":"modelengine:entity/bufo_bufo_eyes_dizzy"},{"type":"single","resource":"mercados:mercado/bone"},{"type":"single","resource":"items:pickaxes/martian_pickaxe_head"},{"type":"single","resource":"mercados:mercado/sweet_berries"},{"type":"single","resource":"mercados:mercado/beetroot"},{"type":"single","resource":"dwarf_texture/dwarf_cleric"},{"type":"single","resource":"items:steampunk_crossbow/fire_animation"},{"type":"single","resource":"modelengine:entity/toro_queenbee_wing"},{"type":"single","resource":"items:moon/moon_hoe"},{"type":"single","resource":"coins:crates/soil_large"},{"type":"single","resource":"enchants:ae/exotico"},{"type":"single","resource":"nexusset:helmet"},{"type":"single","resource":"sombreros:hats/texture_0"},{"type":"single","resource":"sombreros:hats/samurai_hat"},{"type":"single","resource":"modelengine:entity/bufo_bufo_eyes_hit"},{"type":"single","resource":"sombreros:hats/headphones2"},{"type":"single","resource":"sombreros:hats/headphones3"},{"type":"single","resource":"christmas:items/christmas_shovel"},{"type":"single","resource":"sombreros:hats/headphones1"},{"type":"single","resource":"sombreros:hats/witch_hat_red_model"},{"type":"single","resource":"coins:crates/diamond_box"},{"type":"single","resource":"elitecreatures:darkflame_animated_weapon_set/drakflame_animation_02texture"},{"type":"single","resource":"sombreros:hats/water_axo"},{"type":"single","resource":"sombreros:hats/mechanical_arm"},{"type":"single","resource":"sombreros:hats/allay"},{"type":"single","resource":"sombreros:hats/ironbucketb"},{"type":"single","resource":"sombreros:hats/wolf_helmet"},{"type":"single","resource":"items:purpleworldset/purpleworld_hoe"},{"type":"single","resource":"modelengine:entity/toffy_cat_witch_hat"},{"type":"single","resource":"items:totems/totem_allay"},{"type":"single","resource":"nexusset:armor/nexus_helmet_icon"},{"type":"single","resource":"sombreros:hats/witch_hat_gray_model"},{"type":"single","resource":"nexusset:bow"},{"type":"single","resource":"sombreros:hats/reindeer_antlers"},{"type":"single","resource":"sombreros:hats/adventure_time"},{"type":"single","resource":"nexusset:bow_1"},{"type":"single","resource":"sombreros:hats/miner_cap"},{"type":"single","resource":"nexusset:bow_2"},{"type":"single","resource":"items:steampunk_crossbow/heartseeker_varus_arrow"},{"type":"single","resource":"modelengine:entity/carpincho_texture"},{"type":"single","resource":"nexusset:crossbow_2"},{"type":"single","resource":"nexusset:crossbow_1"},{"type":"single","resource":"sombreros:hats/diamond_pickaxe"},{"type":"single","resource":"christmas:items/arow_texture_christmas"},{"type":"single","resource":"mercados:mercado/blaze_rod"},{"type":"single","resource":"mercados:mercado/wheat_seeds"},{"type":"single","resource":"christmas:items/christmas_pickaxe"},{"type":"single","resource":"coins:coin/platino"},{"type":"single","resource":"mercados:mercado/apple"},{"type":"single","resource":"items:steampunk_crossbow/crossbow_1"},{"type":"single","resource":"items:purpleworldset/purpleworld_axe"},{"type":"single","resource":"sombreros:hats/racoon_hat"},{"type":"single","resource":"modelengine:entity/nocsy_magic_cat"},{"type":"single","resource":"enchants:ae/raro"},{"type":"single","resource":"items:steampunk_crossbow/crossbow_3"},{"type":"single","resource":"dwarf_texture/dwarf_crossbow_standby"},{"type":"single","resource":"dwarf_texture/dwarf_blacksmith"},{"type":"single","resource":"items:steampunk_crossbow/gear_1"},{"type":"single","resource":"sombreros:hats/wolf"},{"type":"single","resource":"items:purpleworldset/purpleworld_battleaxe"},{"type":"single","resource":"modelengine:entity/bs_cc_hippo_texture"},{"type":"single","resource":"elitecreatures:darkflame_animated_weapon_set/darkflame_01_texture"},{"type":"single","resource":"nexusset:shield"},{"type":"single","resource":"nexusset:axe"},{"type":"single","resource":"items:moon/moon_crossbow"},{"type":"single","resource":"items:moon/moon_axe"},{"type":"single","resource":"modelengine:entity/nocsy_corgi"},{"type":"single","resource":"items:pickaxes/cosmic_horror_pickaxe_animations_3"},{"type":"single","resource":"items:pickaxes/cosmic_horror_pickaxe"},{"type":"single","resource":"items:pickaxes/cosmic_horror_pickaxe_animations_2"},{"type":"single","resource":"nexusset:scythe"},{"type":"single","resource":"items:pickaxes/cosmic_horror_pickaxe_animations_1"},{"type":"single","resource":"items:armor/suit_legs"},{"type":"single","resource":"sombreros:hats/demon_horns"},{"type":"single","resource":"christmas:items/christmas_shield"},{"type":"single","resource":"coins:coin/plata"},{"type":"single","resource":"_iainternal:icons/icon_back_orange"},{"type":"single","resource":"sombreros:hats/frog_hat"},{"type":"single","resource":"items:totems/totem_armor"},{"type":"single","resource":"coins:coin/gold"},{"type":"single","resource":"modelengine:entity/meteor"},{"type":"single","resource":"modelengine:entity/blacksmith_shield"},{"type":"single","resource":"custom/bs_cc_hippo_texture"},{"type":"single","resource":"nexusset:animations/animations_bolt"},{"type":"single","resource":"enchants:ae/rename"},{"type":"single","resource":"_iainternal:icons/icon_right_blue"},{"type":"single","resource":"nexusset:armor/nexus_leggings_icon"},{"type":"single","resource":"christmas:items/christmas_sword"},{"type":"single","resource":"items:purpleworldset/purpleworld_pickaxe"},{"type":"single","resource":"modelengine:entity/telegraph"},{"type":"single","resource":"modelengine:entity/dwarf_huntsman"},{"type":"single","resource":"items:totems/totem_regen"},{"type":"single","resource":"nexusset:sword"},{"type":"single","resource":"nexusset:wings"},{"type":"single","resource":"modelengine:entity/scythe"}]}