{"credit":"Made with Blockbench","texture_size":[64,64],"textures":{"1":"xmas_costume:item/reindeer_costume/reindeer_head"},"elements":[{"from":[3,0,3],"to":[13,10,13],"rotation":{"angle":0,"axis":"x","origin":[8,4.75,3]},"faces":{"north":{"uv":[0,0,2.5,2.5],"texture":"#1"},"east":{"uv":[5,2.5,2.5,5],"texture":"#1"},"south":{"uv":[2.5,0,5,2.5],"texture":"#1"},"west":{"uv":[2.5,2.5,5,5],"texture":"#1"},"up":{"uv":[2.5,7.5,0,5],"texture":"#1"},"down":{"uv":[7.5,0,5,2.5],"texture":"#1"}}},{"from":[5,9,5],"to":[8,19,8],"rotation":{"angle":22.5,"axis":"z","origin":[6.5,8.5,6.5]},"faces":{"north":{"uv":[4,7,4.75,9.5],"texture":"#1"},"east":{"uv":[4.75,7,5.5,9.5],"texture":"#1"},"south":{"uv":[4.75,7,4,9.5],"texture":"#1"},"west":{"uv":[6.25,7,7,9.5],"texture":"#1"},"up":{"uv":[1.25,9,0.5,8.25],"texture":"#1"},"down":{"uv":[2,8.5,1.25,9.25],"texture":"#1"}}},{"from":[-1,13,5],"to":[5,16,8],"rotation":{"angle":22.5,"axis":"z","origin":[6.5,8.5,6.5]},"faces":{"north":{"uv":[7,7,8.5,7.75],"texture":"#1"},"east":{"uv":[8.5,1.5,9.25,2.25],"texture":"#1"},"south":{"uv":[8.5,7,7,7.75],"texture":"#1"},"west":{"uv":[8.5,7,9.25,7.75],"texture":"#1"},"up":{"uv":[9,0.75,7.5,0],"texture":"#1"},"down":{"uv":[9,0.75,7.5,1.5],"texture":"#1"}}},{"from":[-1,16,5],"to":[2,19,8],"rotation":{"angle":22.5,"axis":"z","origin":[6.5,8.5,6.5]},"faces":{"north":{"uv":[8.75,2.25,9.5,3],"texture":"#1"},"east":{"uv":[8.75,3,9.5,3.75],"texture":"#1"},"south":{"uv":[9.5,2.25,8.75,3],"texture":"#1"},"west":{"uv":[7,8.75,7.75,9.5],"texture":"#1"},"up":{"uv":[8.5,9.5,7.75,8.75],"texture":"#1"},"down":{"uv":[9.25,8.75,8.5,9.5],"texture":"#1"}}},{"from":[-2,6,9],"to":[5,11,11],"rotation":{"angle":-22.5,"axis":"z","origin":[1.5,9.5,10]},"faces":{"north":{"uv":[7,2.5,8.75,3.75],"texture":"#1"},"east":{"uv":[3.5,8,4,9.25],"texture":"#1"},"south":{"uv":[7,3.75,8.75,5],"texture":"#1"},"west":{"uv":[0,8.25,0.5,9.5],"texture":"#1"},"up":{"uv":[9.75,8.25,8,7.75],"texture":"#1"},"down":{"uv":[9.75,8.25,8,8.75],"texture":"#1"}}},{"from":[6,3.91865,-3.53597],"to":[10,7.91865,0.46403],"rotation":{"angle":-22.5,"axis":"x","origin":[8,4.80656,-0.9588]},"faces":{"north":{"uv":[1.5,7.5,2.5,8.5],"texture":"#1"},"east":{"uv":[3.5,8,2.5,9],"texture":"#1"},"south":{"uv":[7,7.75,8,8.75],"texture":"#1"},"west":{"uv":[2.5,8,3.5,9],"texture":"#1"},"up":{"uv":[9,6,8,5],"texture":"#1"},"down":{"uv":[9,6,8,7],"texture":"#1"}}},{"from":[4,0,-3],"to":[12,6,3],"rotation":{"angle":0,"axis":"x","origin":[8,3.80656,-0.9588]},"faces":{"north":{"uv":[2.5,5,4.5,6.5],"texture":"#1"},"east":{"uv":[8,5.5,6.5,7],"texture":"#1"},"south":{"uv":[5,2.5,7,4],"texture":"#1"},"west":{"uv":[6.5,5.5,8,7],"texture":"#1"},"up":{"uv":[7,5.5,5,4],"texture":"#1"},"down":{"uv":[6.5,5.5,4.5,7],"texture":"#1"}}},{"from":[11,6,9],"to":[18,11,11],"rotation":{"angle":22.5,"axis":"z","origin":[14.5,9.5,10]},"faces":{"north":{"uv":[8.75,2.5,7,3.75],"texture":"#1"},"east":{"uv":[0.5,8.25,0,9.5],"texture":"#1"},"south":{"uv":[8.75,3.75,7,5],"texture":"#1"},"west":{"uv":[4,8,3.5,9.25],"texture":"#1"},"up":{"uv":[8,8.25,9.75,7.75],"texture":"#1"},"down":{"uv":[8,8.25,9.75,8.75],"texture":"#1"}}},{"from":[8,9,5],"to":[11,19,8],"rotation":{"angle":-22.5,"axis":"z","origin":[9.5,8.5,6.5]},"faces":{"north":{"uv":[4.75,7,4,9.5],"texture":"#1"},"east":{"uv":[7,7,6.25,9.5],"texture":"#1"},"south":{"uv":[4,7,4.75,9.5],"texture":"#1"},"west":{"uv":[5.5,7,4.75,9.5],"texture":"#1"},"up":{"uv":[0.5,9,1.25,8.25],"texture":"#1"},"down":{"uv":[1.25,8.5,2,9.25],"texture":"#1"}}},{"from":[13.47049,10.42001,5],"to":[19.47049,13.42001,8],"rotation":{"angle":-22.5,"axis":"z","origin":[17.22049,13.42001,6.5]},"faces":{"north":{"uv":[8.5,7,7,7.75],"texture":"#1"},"east":{"uv":[9.25,7,8.5,7.75],"texture":"#1"},"south":{"uv":[7,7,8.5,7.75],"texture":"#1"},"west":{"uv":[9.25,1.5,8.5,2.25],"texture":"#1"},"up":{"uv":[7.5,0.75,9,0],"texture":"#1"},"down":{"uv":[7.5,0.75,9,1.5],"texture":"#1"}}},{"from":[16.47049,13.42001,5],"to":[19.47049,16.42001,8],"rotation":{"angle":-22.5,"axis":"z","origin":[17.22049,13.42001,6.5]},"faces":{"north":{"uv":[9.5,2.25,8.75,3],"texture":"#1"},"east":{"uv":[7.75,8.75,7,9.5],"texture":"#1"},"south":{"uv":[8.75,2.25,9.5,3],"texture":"#1"},"west":{"uv":[9.5,3,8.75,3.75],"texture":"#1"},"up":{"uv":[7.75,9.5,8.5,8.75],"texture":"#1"},"down":{"uv":[8.5,8.75,9.25,9.5],"texture":"#1"}}}],"display":{"thirdperson_righthand":{"rotation":[65,135,0],"translation":[-0.5,3.5,1.75],"scale":[0.5,0.5,0.5]},"thirdperson_lefthand":{"rotation":[65,135,0],"translation":[-0.5,3.5,1.75],"scale":[0.5,0.5,0.5]},"firstperson_righthand":{"rotation":[0,135,0],"translation":[0.5,5,0],"scale":[0.5,0.5,0.5]},"firstperson_lefthand":{"rotation":[0,135,0],"translation":[0.5,5,0],"scale":[0.5,0.5,0.5]},"ground":{"translation":[0,3,0],"scale":[0.35,0.35,0.35]},"gui":{"rotation":[30,135,0],"translation":[0.5,0.5,0],"scale":[0.65625,0.65625,0.65625]},"head":{"translation":[0,6.5,0],"scale":[1.65,1.65,1.65]}}}