{"credit":"Made with Blockbench","texture_size":[64,64],"textures":{"1":"xmas_costume:item/santa_costume/santa_head"},"elements":[{"from":[3,0,3],"to":[13,10,13],"faces":{"north":{"uv":[3,0,5.5,2.5],"texture":"#1"},"east":{"uv":[5.5,0,8,2.5],"texture":"#1"},"south":{"uv":[3,5,5.5,7.5],"texture":"#1"},"west":{"uv":[8,0,5.5,2.5],"texture":"#1"},"up":{"uv":[8,5,5.5,2.5],"texture":"#1"},"down":{"uv":[8,5,5.5,7.5],"texture":"#1"}}},{"from":[2.75,-0.025,2.75],"to":[13.25,10.475,13.25],"faces":{"north":{"uv":[0,11.75,2.5,14.25],"texture":"#1"},"east":{"uv":[2.5,11.75,5,14.25],"texture":"#1"},"south":{"uv":[5,11.75,7.5,14.25],"texture":"#1"},"west":{"uv":[5,11.75,2.5,14.25],"texture":"#1"},"down":{"uv":[15.75,5.5,13.25,8],"texture":"#1"}}},{"from":[2,6,2.5],"to":[14,10,14.5],"rotation":{"angle":22.5,"axis":"x","origin":[8,8,8]},"faces":{"north":{"uv":[0,9.5,3,10.5],"texture":"#1"},"east":{"uv":[0,9.5,3,10.5],"texture":"#1"},"south":{"uv":[0,9.5,3,10.5],"texture":"#1"},"west":{"uv":[0,9.5,3,10.5],"texture":"#1"},"up":{"uv":[3,3,0,0],"texture":"#1"},"down":{"uv":[3,3,0,6],"texture":"#1"}}},{"from":[3.5,7.50418,6.34267],"to":[12.5,14.50418,15.34267],"rotation":{"angle":45,"axis":"x","origin":[8,11.50418,10.34267]},"faces":{"north":{"uv":[8,4.5,10.25,6.25],"texture":"#1"},"east":{"uv":[5.25,9.25,3,11],"texture":"#1"},"south":{"uv":[9,8,11.25,9.75],"texture":"#1"},"west":{"uv":[3,9.25,5.25,11],"texture":"#1"},"up":{"uv":[10.25,2.25,8,0],"texture":"#1"},"down":{"uv":[10.25,2.25,8,4.5],"texture":"#1"}}},{"from":[4.5,8.20418,11.64267],"to":[11.5,15.20418,16.64267],"rotation":{"angle":-22.5,"axis":"x","origin":[8,12.20418,9.64267]},"faces":{"north":{"uv":[14.25,14.25,16,16],"rotation":180,"texture":"#1"},"east":{"uv":[13.25,1.25,15,0],"rotation":270,"texture":"#1"},"south":{"uv":[13.25,1.25,15,3],"texture":"#1"},"west":{"uv":[13.25,0,15,1.25],"rotation":270,"texture":"#1"},"up":{"uv":[13.25,3,15,4.25],"rotation":180,"texture":"#1"},"down":{"uv":[13.25,4.25,15,5.5],"texture":"#1"}}},{"from":[5.5,8.20418,17.14267],"to":[10.5,13.20418,22.14267],"rotation":{"angle":22.5,"axis":"x","origin":[8,11.70418,19.14267]},"faces":{"north":{"uv":[10.25,2,11.5,3.25],"texture":"#1"},"east":{"uv":[10.25,3.25,11.5,4.5],"texture":"#1"},"south":{"uv":[10.25,4.5,11.5,5.75],"texture":"#1"},"west":{"uv":[11.5,3.25,10.25,4.5],"texture":"#1"},"up":{"uv":[2.5,11.75,1.25,10.5],"texture":"#1"},"down":{"uv":[10,10.75,8.75,12],"texture":"#1"}}},{"from":[2,-3,0],"to":[14,4,7],"rotation":{"angle":-22.5,"axis":"x","origin":[8,0.5,3.5]},"faces":{"north":{"uv":[0,6,3,7.75],"texture":"#1"},"east":{"uv":[7,9.25,5.25,11],"texture":"#1"},"south":{"uv":[3,7.5,6,9.25],"texture":"#1"},"west":{"uv":[5.25,9.25,7,11],"texture":"#1"},"up":{"uv":[9,9.25,6,7.5],"texture":"#1"},"down":{"uv":[3,7.75,0,9.5],"texture":"#1"}}},{"name":"cube inverted","from":[13.25,10.475,13.25],"to":[2.75,-0.025,2.75],"faces":{"north":{"uv":[5,14.25,7.5,11.75],"texture":"#1"},"east":{"uv":[5,14.25,2.5,11.75],"texture":"#1"},"west":{"uv":[2.5,14.25,5,11.75],"texture":"#1"},"up":{"uv":[15.75,5.5,13.25,8],"texture":"#1"}}}],"display":{"thirdperson_righthand":{"rotation":[65,135,0],"translation":[-0.5,3.5,1.75],"scale":[0.5,0.5,0.5]},"thirdperson_lefthand":{"rotation":[65,135,0],"translation":[-0.5,3.5,1.75],"scale":[0.5,0.5,0.5]},"firstperson_righthand":{"rotation":[0,135,0],"translation":[0.5,5,0],"scale":[0.5,0.5,0.5]},"firstperson_lefthand":{"rotation":[0,135,0],"translation":[0.5,5,0],"scale":[0.5,0.5,0.5]},"ground":{"translation":[0,3,0],"scale":[0.35,0.35,0.35]},"gui":{"rotation":[30,135,0],"translation":[-0.5,0.75,0],"scale":[0.5625,0.5625,0.5625]},"head":{"translation":[0,6.5,0],"scale":[1.65,1.65,1.65]}}}