{"credit":"Made with Blockbench","texture_size":[64,64],"textures":{"1":"xmas_costume:item/snowman_costume/snowman_head"},"elements":[{"from":[3,2,3],"to":[13,12,13],"rotation":{"angle":0,"axis":"y","origin":[3,2,0]},"faces":{"north":{"uv":[4.5,3,7,5.5],"texture":"#1"},"east":{"uv":[4.5,5.5,7,8],"texture":"#1"},"south":{"uv":[7,0,9.5,2.5],"texture":"#1"},"west":{"uv":[7,5.5,4.5,8],"texture":"#1"},"up":{"uv":[9.5,5,7,2.5],"texture":"#1"},"down":{"uv":[9.5,5,7,7.5],"texture":"#1"}}},{"from":[-1.8325,8.26,0.29],"to":[17.8325,8.26,19.955],"rotation":{"angle":22.5,"axis":"x","origin":[8,13.44938,7.9375]},"faces":{"north":{"uv":[0,0,4.5,0],"texture":"#1"},"east":{"uv":[0,0,4.5,0],"texture":"#1"},"south":{"uv":[0,0,4.5,0],"texture":"#1"},"west":{"uv":[0,0,4.5,0],"texture":"#1"},"up":{"uv":[4.5,4.5,0,0],"texture":"#1"},"down":{"uv":[4.5,4.5,0,0],"texture":"#1"}}},{"from":[2.5375,9.14002,2.88543],"to":[13.4625,22.25002,13.81043],"rotation":{"angle":22.5,"axis":"x","origin":[8,9.42869,4.83814]},"faces":{"north":{"uv":[4.5,0,7,3],"texture":"#1"},"east":{"uv":[4.5,0,7,3],"texture":"#1"},"south":{"uv":[4.5,0,7,3],"texture":"#1"},"west":{"uv":[4.5,0,7,3],"texture":"#1"},"up":{"uv":[9.5,10,7,7.5],"texture":"#1"},"down":{"uv":[7,8,4.5,10.5],"texture":"#1"}}},{"from":[7,5,-3],"to":[9,7,3],"rotation":{"angle":0,"axis":"x","origin":[8,10.06974,5.16306]},"faces":{"north":{"uv":[2.5,9,3,9.5],"texture":"#1"},"east":{"uv":[1.5,9,0,9.5],"texture":"#1"},"south":{"uv":[3,9,3.5,9.5],"texture":"#1"},"west":{"uv":[0,9,1.5,9.5],"texture":"#1"},"up":{"uv":[2,10.5,1.5,9],"texture":"#1"},"down":{"uv":[2.5,9,2,10.5],"texture":"#1"}}},{"name":"cube inverted","from":[13.4625,24.55304,11.23364],"to":[2.5375,11.44304,0.30864],"rotation":{"angle":22.5,"axis":"x","origin":[0.4,4.10302,-2.23928]},"faces":{"north":{"uv":[4.5,3,7,0],"texture":"#1"},"east":{"uv":[4.5,3,7,0],"texture":"#1"},"south":{"uv":[4.5,3,7,0],"texture":"#1"},"west":{"uv":[4.5,3,7,0],"texture":"#1"},"down":{"uv":[9.5,10,7,7.5],"texture":"#1"}}},{"from":[2.5,0,2.5],"to":[13.5,3,13.5],"rotation":{"angle":0,"axis":"y","origin":[0,3,0]},"faces":{"north":{"uv":[0,4.5,2.75,5.25],"texture":"#1"},"east":{"uv":[2.75,4.5,0,5.25],"texture":"#1"},"south":{"uv":[0,4.5,2.75,5.25],"texture":"#1"},"west":{"uv":[2.75,4.5,0,5.25],"texture":"#1"},"up":{"uv":[0.75,5.25,3.5,8],"texture":"#1"},"down":{"uv":[0,10.5,2.75,13.25],"texture":"#1"}}},{"from":[9.75,-4,3.5],"to":[12.75,0,3.5],"rotation":{"angle":0,"axis":"y","origin":[-0.75,0,1]},"faces":{"north":{"uv":[0.75,5.25,0,6.25],"texture":"#1"},"east":{"uv":[0,0,0,0.75],"texture":"#1"},"south":{"uv":[0,5.25,0.75,6.25],"texture":"#1"},"west":{"uv":[0,0,0,0.75],"texture":"#1"},"up":{"uv":[0,0,1,0],"texture":"#1"},"down":{"uv":[0,0,1,0],"texture":"#1"}}},{"from":[3.25,-4,12.5],"to":[6.25,0,12.5],"rotation":{"angle":0,"axis":"y","origin":[-7.25,0,10]},"faces":{"north":{"uv":[0.75,5.25,0,6.25],"texture":"#1"},"east":{"uv":[0,0,0,0.75],"texture":"#1"},"south":{"uv":[0,5.25,0.75,6.25],"texture":"#1"},"west":{"uv":[0,0,0,0.75],"texture":"#1"},"up":{"uv":[0,0,1,0],"texture":"#1"},"down":{"uv":[0,0,1,0],"texture":"#1"}}}],"display":{"thirdperson_righthand":{"rotation":[65,135,0],"translation":[-0.5,3.5,1.75],"scale":[0.5,0.5,0.5]},"thirdperson_lefthand":{"rotation":[65,135,0],"translation":[-0.5,3.5,1.75],"scale":[0.5,0.5,0.5]},"firstperson_righthand":{"rotation":[0,135,0],"translation":[0.5,5,0],"scale":[0.5,0.5,0.5]},"firstperson_lefthand":{"rotation":[0,135,0],"translation":[0.5,5,0],"scale":[0.5,0.5,0.5]},"ground":{"translation":[0,3,0],"scale":[0.35,0.35,0.35]},"gui":{"rotation":[30,135,0],"translation":[0,-0.75,0],"scale":[0.58398,0.58398,0.58398]},"head":{"translation":[0,6.5,0],"scale":[1.65,1.65,1.65]}}}