{
	"credit": "Made with Blockbench",
	"textures": {
		"1": "christmas:items/christmas_bow",
		"2": "christmas:items/christmas_tie"
	},
	"elements": [
		{
			"from": [7.34551, 22, 3.34551],
			"to": [8.34551, 24, 11.34551],
			"rotation": {"angle": -45, "axis": "x", "origin": [7.84551, 22.5, 6.84551]},
			"faces": {
				"north": {"uv": [1.25, 3, 1.5, 3.5], "texture": "#1"},
				"east": {"uv": [3.25, 6, 1.25, 6.5], "texture": "#1"},
				"south": {"uv": [1.25, 3.5, 1.5, 4], "texture": "#1"},
				"west": {"uv": [1.25, 6, 3.25, 6.5], "texture": "#1"},
				"up": {"uv": [9, 5.75, 7, 5.5], "rotation": 270, "texture": "#1"},
				"down": {"uv": [9, 5.75, 7, 6], "rotation": 90, "texture": "#1"}
			}
		},
		{
			"from": [7.44551, 13, 3.34551],
			"to": [8.24551, 21, 5.34551],
			"rotation": {"angle": 0, "axis": "y", "origin": [7.84551, 22.5, 6.84551]},
			"faces": {
				"north": {"uv": [9, 5.75, 7, 6], "rotation": 270, "texture": "#1"},
				"east": {"uv": [3.25, 6, 1.25, 6.5], "rotation": 270, "texture": "#1"},
				"south": {"uv": [9, 5.75, 7, 5.5], "rotation": 270, "texture": "#1"},
				"west": {"uv": [1.25, 6, 3.25, 6.5], "rotation": 90, "texture": "#1"},
				"up": {"uv": [1.25, 3, 1.5, 3.5], "rotation": 180, "texture": "#1"},
				"down": {"uv": [1.25, 3.5, 1.5, 4], "texture": "#1"}
			}
		},
		{
			"from": [7.34551, 1, 3.34551],
			"to": [8.34551, 3, 11.34551],
			"rotation": {"angle": 45, "axis": "x", "origin": [7.84551, 2.5, 6.84551]},
			"faces": {
				"north": {"uv": [1.25, 3.5, 1.5, 3], "texture": "#1"},
				"east": {"uv": [3.25, 6.5, 1.25, 6], "texture": "#1"},
				"south": {"uv": [1.25, 4, 1.5, 3.5], "texture": "#1"},
				"west": {"uv": [1.25, 6.5, 3.25, 6], "texture": "#1"},
				"up": {"uv": [7, 5.75, 9, 6], "rotation": 90, "texture": "#1"},
				"down": {"uv": [7, 5.75, 9, 5.5], "rotation": 270, "texture": "#1"}
			}
		},
		{
			"from": [7.44551, 4, 3.34551],
			"to": [8.24551, 12, 5.34551],
			"rotation": {"angle": 0, "axis": "y", "origin": [7.84551, 2.5, 6.84551]},
			"faces": {
				"north": {"uv": [7, 5.75, 9, 6], "rotation": 270, "texture": "#1"},
				"east": {"uv": [1.25, 6, 3.25, 6.5], "rotation": 270, "texture": "#1"},
				"south": {"uv": [7, 5.75, 9, 5.5], "rotation": 270, "texture": "#1"},
				"west": {"uv": [3.25, 6, 1.25, 6.5], "rotation": 90, "texture": "#1"},
				"up": {"uv": [1.25, 4, 1.5, 3.5], "texture": "#1"},
				"down": {"uv": [1.25, 3.5, 1.5, 3], "rotation": 180, "texture": "#1"}
			}
		},
		{
			"from": [5.84551, 23, 8.84551],
			"to": [9.84551, 27, 12.84551],
			"rotation": {"angle": 0, "axis": "y", "origin": [5.84551, 23, 12.84551]},
			"faces": {
				"north": {"uv": [5, 5, 6, 6], "texture": "#1"},
				"east": {"uv": [5.75, 0, 6.75, 1], "texture": "#1"},
				"south": {"uv": [5.75, 1, 6.75, 2], "texture": "#1"},
				"west": {"uv": [5, 4, 6, 5], "texture": "#1"},
				"up": {"uv": [6.75, 3, 5.75, 2], "rotation": 270, "texture": "#1"},
				"down": {"uv": [6.75, 3, 5.75, 4], "rotation": 90, "texture": "#1"}
			}
		},
		{
			"from": [7.84551, 24, 10.84551],
			"to": [7.84551, 32, 14.84551],
			"rotation": {"angle": 0, "axis": "y", "origin": [5.84551, 24, 14.84551]},
			"faces": {
				"north": {"uv": [0, 0, 0, 2], "texture": "#1"},
				"east": {"uv": [3.5, 0, 2.5, 2], "texture": "#1"},
				"south": {"uv": [0, 0, 0, 2], "texture": "#1"},
				"west": {"uv": [2.5, 0, 3.5, 2], "texture": "#1"},
				"up": {"uv": [1, 0, 0, 0], "rotation": 270, "texture": "#1"},
				"down": {"uv": [1, 0, 0, 0], "rotation": 90, "texture": "#1"}
			}
		},
		{
			"from": [7.84551, 17.2, 2.14551],
			"to": [7.84551, 21.2, 10.14551],
			"rotation": {"angle": -45, "axis": "x", "origin": [7.84551, 19, 5.84551]},
			"faces": {
				"north": {"uv": [1, 0, 0, 0], "rotation": 90, "texture": "#1"},
				"east": {"uv": [2.5, 0, 3.5, 2], "rotation": 90, "texture": "#1"},
				"south": {"uv": [1, 0, 0, 0], "rotation": 90, "texture": "#1"},
				"west": {"uv": [3.5, 0, 2.5, 2], "rotation": 270, "texture": "#1"},
				"up": {"uv": [0, 0, 0, 2], "texture": "#1"},
				"down": {"uv": [0, 0, 0, 2], "rotation": 180, "texture": "#1"}
			}
		},
		{
			"from": [7.84551, 3, 1.84551],
			"to": [7.84551, 7, 9.84551],
			"rotation": {"angle": 22.5, "axis": "x", "origin": [7.84551, 6, 5.84551]},
			"faces": {
				"north": {"uv": [1, 0, 0, 0], "rotation": 90, "texture": "#1"},
				"east": {"uv": [3.5, 0, 2.5, 2], "rotation": 90, "texture": "#1"},
				"south": {"uv": [1, 0, 0, 0], "rotation": 90, "texture": "#1"},
				"west": {"uv": [2.5, 0, 3.5, 2], "rotation": 270, "texture": "#1"},
				"up": {"uv": [0, 0, 0, 2], "texture": "#1"},
				"down": {"uv": [0, 0, 0, 2], "rotation": 180, "texture": "#1"}
			}
		},
		{
			"from": [7.84551, -8.4, 10.84551],
			"to": [7.84551, -0.4, 14.84551],
			"rotation": {"angle": 0, "axis": "y", "origin": [7.84551, -0.4, 10.84551]},
			"faces": {
				"north": {"uv": [0, 0, 0, 2], "texture": "#1"},
				"east": {"uv": [3.5, 2, 2.5, 0], "texture": "#1"},
				"south": {"uv": [0, 0, 0, 2], "texture": "#1"},
				"west": {"uv": [2.5, 2, 3.5, 0], "texture": "#1"},
				"up": {"uv": [1, 0, 0, 0], "rotation": 270, "texture": "#1"},
				"down": {"uv": [1, 0, 0, 0], "rotation": 90, "texture": "#1"}
			}
		},
		{
			"from": [7.84551, 12, -1.15449],
			"to": [7.84551, 16, 6.84551],
			"rotation": {"angle": -22.5, "axis": "x", "origin": [7.84551, 19, 5.84551]},
			"faces": {
				"north": {"uv": [1, 0, 0, 0], "rotation": 90, "texture": "#1"},
				"east": {"uv": [2.5, 0, 3.5, 2], "rotation": 90, "texture": "#1"},
				"south": {"uv": [1, 0, 0, 0], "rotation": 90, "texture": "#1"},
				"west": {"uv": [3.5, 0, 2.5, 2], "rotation": 270, "texture": "#1"},
				"up": {"uv": [0, 0, 0, 2], "texture": "#1"},
				"down": {"uv": [0, 0, 0, 2], "rotation": 180, "texture": "#1"}
			}
		},
		{
			"from": [7.84551, 7, -0.15449],
			"to": [7.84551, 11, 7.84551],
			"rotation": {"angle": 22.5, "axis": "x", "origin": [7.84551, 6, 5.84551]},
			"faces": {
				"north": {"uv": [1, 0, 0, 0], "rotation": 90, "texture": "#1"},
				"east": {"uv": [3.5, 0, 2.5, 2], "rotation": 90, "texture": "#1"},
				"south": {"uv": [1, 0, 0, 0], "rotation": 90, "texture": "#1"},
				"west": {"uv": [2.5, 0, 3.5, 2], "rotation": 270, "texture": "#1"},
				"up": {"uv": [0, 0, 0, 2], "texture": "#1"},
				"down": {"uv": [0, 0, 0, 2], "rotation": 180, "texture": "#1"}
			}
		},
		{
			"from": [5.84551, 10, 1.84551],
			"to": [9.84551, 14, 5.84551],
			"rotation": {"angle": 0, "axis": "y", "origin": [5.84551, 23, 12.84551]},
			"faces": {
				"north": {"uv": [5, 5, 6, 6], "texture": "#1"},
				"east": {"uv": [5.75, 0, 6.75, 1], "texture": "#1"},
				"south": {"uv": [5.75, 1, 6.75, 2], "texture": "#1"},
				"west": {"uv": [5, 4, 6, 5], "texture": "#1"},
				"up": {"uv": [6.75, 3, 5.75, 2], "rotation": 270, "texture": "#1"},
				"down": {"uv": [6.75, 3, 5.75, 4], "rotation": 90, "texture": "#1"}
			}
		},
		{
			"from": [5.84551, -3.4, 8.84551],
			"to": [9.84551, 0.6, 12.84551],
			"rotation": {"angle": 0, "axis": "y", "origin": [5.84551, 23, 12.84551]},
			"faces": {
				"north": {"uv": [5, 5, 6, 6], "texture": "#1"},
				"east": {"uv": [5.75, 0, 6.75, 1], "texture": "#1"},
				"south": {"uv": [5.75, 1, 6.75, 2], "texture": "#1"},
				"west": {"uv": [5, 4, 6, 5], "texture": "#1"},
				"up": {"uv": [6.75, 3, 5.75, 2], "rotation": 270, "texture": "#1"},
				"down": {"uv": [6.75, 3, 5.75, 4], "rotation": 90, "texture": "#1"}
			}
		},
		{
			"from": [7.84551, 0, 11.34551],
			"to": [7.84551, 12, 12.34551],
			"rotation": {"angle": 0, "axis": "y", "origin": [5.84551, 19, 12.34551]},
			"faces": {
				"north": {"uv": [0, 0, 0, 5.75], "texture": "#missing"},
				"east": {"uv": [1, 7.25, 0.75, 10.25], "texture": "#1"},
				"south": {"uv": [0, 0, 0, 5.75], "texture": "#missing"},
				"west": {"uv": [0.75, 7.25, 1, 10.25], "texture": "#1"},
				"up": {"uv": [0.25, 0, 0, 0], "rotation": 270, "texture": "#missing"},
				"down": {"uv": [0.25, 0, 0, 0], "rotation": 90, "texture": "#missing"}
			}
		},
		{
			"from": [7.84551, 12, 11.34551],
			"to": [7.84551, 24, 12.34551],
			"rotation": {"angle": 0, "axis": "y", "origin": [5.84551, 31, 12.34551]},
			"faces": {
				"north": {"uv": [0, 0, 0, 5.75], "texture": "#1"},
				"east": {"uv": [1, 10.25, 0.75, 4.5], "texture": "#1"},
				"south": {"uv": [0, 0, 0, 5.75], "texture": "#1"},
				"west": {"uv": [0.75, 4.5, 1, 7.5], "texture": "#1"},
				"up": {"uv": [0.25, 0, 0, 0], "rotation": 270, "texture": "#1"},
				"down": {"uv": [0.25, 0, 0, 0], "rotation": 90, "texture": "#1"}
			}
		},
		{
			"from": [7.74551, 7.75, -10.65449],
			"to": [7.74551, 15.75, 13.34551],
			"rotation": {"angle": 0, "axis": "y", "origin": [7.84551, 12, 6.34551]},
			"faces": {
				"north": {"uv": [0, 0, 0, 5.75], "texture": "#1"},
				"east": {"uv": [4.5, 9, 10.5, 11.5], "texture": "#1"},
				"south": {"uv": [0, 0, 0, 5.75], "texture": "#1"},
				"west": {"uv": [10.5, 9, 4.5, 11.5], "texture": "#1"},
				"up": {"uv": [0.25, 0, 0, 0], "rotation": 270, "texture": "#1"},
				"down": {"uv": [0.25, 0, 0, 0], "rotation": 90, "texture": "#1"}
			}
		},
		{
			"from": [3.79551, 11.8, -10.65449],
			"to": [11.79551, 11.8, 13.34551],
			"rotation": {"angle": 0, "axis": "y", "origin": [7.84551, 12, 6.34551]},
			"faces": {
				"north": {"uv": [0, 0, 0, 5.75], "rotation": 90, "texture": "#1"},
				"east": {"uv": [0.25, 0, 0, 0], "texture": "#1"},
				"south": {"uv": [0, 0, 0, 5.75], "rotation": 270, "texture": "#1"},
				"west": {"uv": [0.25, 0, 0, 0], "rotation": 180, "texture": "#1"},
				"up": {"uv": [4.5, 11.5, 10.5, 9], "rotation": 270, "texture": "#1"},
				"down": {"uv": [10.5, 9, 4.5, 11.5], "rotation": 270, "texture": "#1"}
			}
		},
		{
			"name": "blatt",
			"from": [9.846, 9.6, 1.34],
			"to": [9.846, 13.6, 6.34],
			"rotation": {"angle": 0, "axis": "y", "origin": [7.5, -12, 8.495]},
			"faces": {
				"north": {"uv": [4, 10, 4, 14], "texture": "#2"},
				"east": {"uv": [11, 0, 6, 4], "texture": "#2"},
				"south": {"uv": [5, 10, 5, 14], "texture": "#2"},
				"west": {"uv": [11, 0, 6, 4], "texture": "#2"},
				"up": {"uv": [6, 15, 6, 10], "texture": "#2"},
				"down": {"uv": [7, 10, 7, 15], "texture": "#2"}
			}
		},
		{
			"name": "blatt",
			"from": [5.84, 9.6, 1.34],
			"to": [5.84, 13.6, 6.34],
			"rotation": {"angle": 0, "axis": "y", "origin": [7.5, -12, 8.495]},
			"faces": {
				"north": {"uv": [4, 10, 4, 14], "texture": "#2"},
				"east": {"uv": [11, 0, 6, 4], "texture": "#2"},
				"south": {"uv": [5, 10, 5, 14], "texture": "#2"},
				"west": {"uv": [6, 0, 11, 4], "texture": "#2"},
				"up": {"uv": [6, 15, 6, 10], "texture": "#2"},
				"down": {"uv": [7, 10, 7, 15], "texture": "#2"}
			}
		},
		{
			"name": "blatt",
			"from": [9.846, -3.75, 8.34],
			"to": [9.846, 0.25, 13.34],
			"rotation": {"angle": 0, "axis": "y", "origin": [7.5, -12, 8.495]},
			"faces": {
				"north": {"uv": [4, 10, 4, 14], "texture": "#2"},
				"east": {"uv": [11, 0, 6, 4], "texture": "#2"},
				"south": {"uv": [5, 10, 5, 14], "texture": "#2"},
				"west": {"uv": [11, 0, 6, 4], "texture": "#2"},
				"up": {"uv": [6, 15, 6, 10], "texture": "#2"},
				"down": {"uv": [7, 10, 7, 15], "texture": "#2"}
			}
		},
		{
			"name": "blatt",
			"from": [5.84, -3.75, 8.34],
			"to": [5.84, 0.25, 13.34],
			"rotation": {"angle": 0, "axis": "y", "origin": [7.5, -12, 8.495]},
			"faces": {
				"north": {"uv": [4, 10, 4, 14], "texture": "#2"},
				"east": {"uv": [11, 0, 6, 4], "texture": "#2"},
				"south": {"uv": [5, 10, 5, 14], "texture": "#2"},
				"west": {"uv": [6, 0, 11, 4], "texture": "#2"},
				"up": {"uv": [6, 15, 6, 10], "texture": "#2"},
				"down": {"uv": [7, 10, 7, 15], "texture": "#2"}
			}
		},
		{
			"name": "blatt",
			"from": [9.846, 22.6, 8.34],
			"to": [9.846, 26.6, 13.34],
			"rotation": {"angle": 0, "axis": "y", "origin": [7.5, -12, 8.495]},
			"faces": {
				"north": {"uv": [4, 10, 4, 14], "texture": "#2"},
				"east": {"uv": [11, 0, 6, 4], "texture": "#2"},
				"south": {"uv": [5, 10, 5, 14], "texture": "#2"},
				"west": {"uv": [11, 0, 6, 4], "texture": "#2"},
				"up": {"uv": [6, 15, 6, 10], "texture": "#2"},
				"down": {"uv": [7, 10, 7, 15], "texture": "#2"}
			}
		},
		{
			"name": "blatt",
			"from": [5.84, 22.6, 8.34],
			"to": [5.84, 26.6, 13.34],
			"rotation": {"angle": 0, "axis": "y", "origin": [7.5, -12, 8.495]},
			"faces": {
				"north": {"uv": [4, 10, 4, 14], "texture": "#2"},
				"east": {"uv": [11, 0, 6, 4], "texture": "#2"},
				"south": {"uv": [5, 10, 5, 14], "texture": "#2"},
				"west": {"uv": [6, 0, 11, 4], "texture": "#2"},
				"up": {"uv": [6, 15, 6, 10], "texture": "#2"},
				"down": {"uv": [7, 10, 7, 15], "texture": "#2"}
			}
		}
	],
	"gui_light": "front",
	"display": {
		"thirdperson_righthand": {
			"translation": [0, -4.75, 0.5],
			"scale": [0.75, 0.75, 0.75]
		},
		"thirdperson_lefthand": {
			"translation": [0, -4.75, 0.5],
			"scale": [0.75, 0.75, 0.75]
		},
		"firstperson_righthand": {
			"rotation": [30, 15, 0],
			"translation": [2, 2, 0],
			"scale": [0.4, 0.4, 0.4]
		},
		"firstperson_lefthand": {
			"rotation": [30, 15, 0],
			"translation": [2, 2, 0],
			"scale": [0.4, 0.4, 0.4]
		},
		"gui": {
			"rotation": [90, 45, -90],
			"translation": [-2.75, 0, 0],
			"scale": [0.55, 0.55, 0.55]
		}
	},
	"groups": [
		{
			"name": "group",
			"origin": [-3, 20, 0],
			"color": 0,
			"children": [0, 1, 2, 3, 4, 5, 6, 7, 8, 9, 10]
		},
		11,
		12,
		13,
		14,
		{
			"name": "group",
			"origin": [-3, 20, 0],
			"color": 0,
			"children": []
		},
		{
			"name": "group",
			"origin": [7.84551, 12, 13.34551],
			"color": 0,
			"children": [15, 16]
		},
		{
			"name": "blatt",
			"origin": [0, 0, 0],
			"color": 0,
			"children": [17, 18]
		},
		19,
		20,
		21,
		22
	]
}