{
	"credit": "Made with Blockbench",
	"textures": {
		"0": "christmas:items/christmas_tie",
		"1": "christmas:items/christmas_shield",
		"3": "christmas:items/cracked_arrow_texture_christmas",
		"5": "christmas:items/arow_texture_christmas",
		"particle": "christmas:items/christmas_tie"
	},
	"elements": [
		{
			"from": [4, 13.7, 8.7],
			"to": [12, 20.25, 14.5],
			"rotation": {"angle": 0, "axis": "y", "origin": [0, 9, 8.5]},
			"faces": {
				"north": {"uv": [2, 2.875, 3, 3.75], "texture": "#1"},
				"east": {"uv": [4.5, 0, 5.25, 0.875], "texture": "#1"},
				"south": {"uv": [3, 2.875, 4, 3.75], "texture": "#1"},
				"west": {"uv": [4.5, 0.875, 5.25, 1.75], "texture": "#1"},
				"up": {"uv": [4.5, 4.5, 3.5, 3.75], "texture": "#1", "cullface": "up"},
				"down": {"uv": [5, 2.875, 4, 3.625], "texture": "#1"}
			}
		},
		{
			"name": "blatt",
			"from": [5.29, 20.3, 3.99],
			"to": [10.29, 24.3, 3.99],
			"rotation": {"angle": 0, "axis": "y", "origin": [6.99, 17, 2.74]},
			"faces": {
				"north": {"uv": [6, 0.25, 11, 4], "texture": "#0"},
				"east": {"uv": [1, 2.5, 1, 3.5], "texture": "#0"},
				"south": {"uv": [11, 0.25, 6, 4], "texture": "#0"},
				"west": {"uv": [1.25, 2.5, 1.25, 3.5], "texture": "#0"},
				"up": {"uv": [1.5, 3.75, 1.5, 2.5], "rotation": 90, "texture": "#0"},
				"down": {"uv": [1.75, 2.5, 1.75, 3.75], "rotation": 270, "texture": "#0"}
			}
		},
		{
			"from": [-1.2, 5, 8],
			"to": [16.8, 28, 9],
			"faces": {
				"north": {"uv": [0, 0, 2.25, 2.875], "texture": "#1"},
				"east": {"uv": [5.125, 1.75, 5.25, 4.625], "texture": "#1"},
				"south": {"uv": [2.25, 0, 4.5, 2.875], "texture": "#1"},
				"west": {"uv": [5.125, 4.625, 5.25, 7.5], "texture": "#1"},
				"up": {"uv": [7.5, 0.125, 5.25, 0], "texture": "#1"},
				"down": {"uv": [7.5, 0.125, 5.25, 0.25], "texture": "#1"}
			}
		},
		{
			"from": [-1.2, -3, 7],
			"to": [0.8, 30, 8],
			"rotation": {"angle": 0, "axis": "y", "origin": [0, 0, 1]},
			"faces": {
				"north": {"uv": [0, 2.875, 0.25, 7], "texture": "#1"},
				"east": {"uv": [3.5, 4.5, 3.625, 8.625], "texture": "#1"},
				"south": {"uv": [0.25, 2.875, 0.5, 7], "texture": "#1"},
				"west": {"uv": [3.625, 4.5, 3.75, 8.625], "texture": "#1"},
				"up": {"uv": [4.25, 3.75, 4, 3.625], "texture": "#1"},
				"down": {"uv": [4.5, 3.625, 4.25, 3.75], "texture": "#1"}
			}
		},
		{
			"from": [2.8, 4, 7],
			"to": [4.8, 29, 8],
			"rotation": {"angle": 0, "axis": "y", "origin": [0, 0, 1]},
			"faces": {
				"north": {"uv": [2, 3.75, 2.25, 6.875], "texture": "#1"},
				"east": {"uv": [4.375, 4.5, 4.5, 7.625], "texture": "#1"},
				"south": {"uv": [2.25, 3.75, 2.5, 6.875], "texture": "#1"},
				"west": {"uv": [4.625, 3.625, 4.75, 6.75], "texture": "#1"},
				"up": {"uv": [4.75, 2.875, 4.5, 2.75], "texture": "#1"},
				"down": {"uv": [5, 1.75, 4.75, 1.875], "texture": "#1"}
			}
		},
		{
			"from": [6.8, 4, 7],
			"to": [8.8, 29, 8],
			"rotation": {"angle": 0, "axis": "y", "origin": [0, 0, 1]},
			"faces": {
				"north": {"uv": [2.5, 3.75, 2.75, 6.875], "texture": "#1"},
				"east": {"uv": [4.75, 3.625, 4.875, 6.75], "texture": "#1"},
				"south": {"uv": [2.75, 3.75, 3, 6.875], "texture": "#1"},
				"west": {"uv": [4.875, 3.625, 5, 6.75], "texture": "#1"},
				"up": {"uv": [5, 2, 4.75, 1.875], "texture": "#1"},
				"down": {"uv": [5, 2, 4.75, 2.125], "texture": "#1"}
			}
		},
		{
			"from": [10.8, 4, 7],
			"to": [12.8, 29, 8],
			"rotation": {"angle": 0, "axis": "y", "origin": [0, 0, 1]},
			"faces": {
				"north": {"uv": [3, 3.75, 3.25, 6.875], "texture": "#1"},
				"east": {"uv": [5, 1.75, 5.125, 4.875], "texture": "#1"},
				"south": {"uv": [3.25, 3.75, 3.5, 6.875], "texture": "#1"},
				"west": {"uv": [5, 4.875, 5.125, 8], "texture": "#1"},
				"up": {"uv": [5, 2.25, 4.75, 2.125], "texture": "#1"},
				"down": {"uv": [5, 2.25, 4.75, 2.375], "texture": "#1"}
			}
		},
		{
			"from": [14.8, -3, 7],
			"to": [16.8, 30, 8],
			"rotation": {"angle": 0, "axis": "y", "origin": [0, 0, 1]},
			"faces": {
				"north": {"uv": [0.5, 2.875, 0.75, 7], "texture": "#1"},
				"east": {"uv": [4.5, 3.625, 4.625, 7.75], "texture": "#1"},
				"south": {"uv": [0.75, 2.875, 1, 7], "texture": "#1"},
				"west": {"uv": [3.75, 4.5, 3.875, 8.625], "texture": "#1"},
				"up": {"uv": [5, 2.5, 4.75, 2.375], "texture": "#1"},
				"down": {"uv": [5, 2.5, 4.75, 2.625], "texture": "#1"}
			}
		},
		{
			"from": [-1.2, -2.84672, 2.7706],
			"to": [0.8, -0.84672, 3.7706],
			"rotation": {"angle": -22.5, "axis": "x", "origin": [15.8, -0.34672, 3.2706]},
			"faces": {
				"north": {"uv": [4.5, 1.75, 4.75, 2], "texture": "#1"},
				"east": {"uv": [4.75, 2.625, 4.875, 2.875], "texture": "#1"},
				"south": {"uv": [4.5, 2, 4.75, 2.25], "texture": "#1"},
				"west": {"uv": [4.875, 2.625, 5, 2.875], "texture": "#1"},
				"up": {"uv": [5.5, 1.875, 5.25, 1.75], "texture": "#1"},
				"down": {"uv": [5.5, 1.875, 5.25, 2], "texture": "#1"}
			}
		},
		{
			"from": [-1.2, -1, 3],
			"to": [0.8, 30, 4],
			"rotation": {"angle": 0, "axis": "y", "origin": [0, 0, -3]},
			"faces": {
				"north": {"uv": [1, 2.875, 1.25, 6.75], "texture": "#1"},
				"east": {"uv": [3.875, 4.5, 4, 8.375], "texture": "#1"},
				"south": {"uv": [1.25, 2.875, 1.5, 6.75], "texture": "#1"},
				"west": {"uv": [4, 4.5, 4.125, 8.375], "texture": "#1"},
				"up": {"uv": [5.5, 2.125, 5.25, 2], "texture": "#1"},
				"down": {"uv": [5.5, 2.125, 5.25, 2.25], "texture": "#1"}
			}
		},
		{
			"from": [14.8, -1, 3],
			"to": [16.8, 30, 4],
			"rotation": {"angle": 0, "axis": "y", "origin": [0, 0, -3]},
			"faces": {
				"north": {"uv": [1.5, 2.875, 1.75, 6.75], "texture": "#1"},
				"east": {"uv": [4.125, 4.5, 4.25, 8.375], "texture": "#1"},
				"south": {"uv": [1.75, 2.875, 2, 6.75], "texture": "#1"},
				"west": {"uv": [4.25, 4.5, 4.375, 8.375], "texture": "#1"},
				"up": {"uv": [5.5, 2.375, 5.25, 2.25], "texture": "#1"},
				"down": {"uv": [5.5, 2.375, 5.25, 2.5], "texture": "#1"}
			}
		},
		{
			"from": [14.8, -2.84672, 2.7706],
			"to": [16.8, -0.84672, 3.7706],
			"rotation": {"angle": -22.5, "axis": "x", "origin": [15.8, -0.34672, 3.2706]},
			"faces": {
				"north": {"uv": [4.5, 2.25, 4.75, 2.5], "texture": "#1"},
				"east": {"uv": [5.25, 2.5, 5.375, 2.75], "texture": "#1"},
				"south": {"uv": [4.5, 2.5, 4.75, 2.75], "texture": "#1"},
				"west": {"uv": [5.25, 2.75, 5.375, 3], "texture": "#1"},
				"up": {"uv": [5.5, 3.125, 5.25, 3], "texture": "#1"},
				"down": {"uv": [5.5, 3.125, 5.25, 3.25], "texture": "#1"}
			}
		},
		{
			"from": [0, -2.5, 7.1],
			"to": [16, -1.5, 8.1],
			"rotation": {"angle": 0, "axis": "y", "origin": [0, 0, 1]},
			"faces": {
				"north": {"uv": [5.25, 1.25, 7.25, 1.375], "texture": "#1"},
				"east": {"uv": [5.375, 3.75, 5.5, 3.875], "texture": "#1"},
				"south": {"uv": [5.25, 1.375, 7.25, 1.5], "texture": "#1"},
				"west": {"uv": [5.375, 3.875, 5.5, 4], "texture": "#1"},
				"up": {"uv": [7.25, 1.625, 5.25, 1.5], "texture": "#1"},
				"down": {"uv": [7.25, 1.625, 5.25, 1.75], "texture": "#1"}
			}
		},
		{
			"from": [-1.4, 7, 4],
			"to": [17, 8, 5],
			"rotation": {"angle": 0, "axis": "y", "origin": [0, 0, -3]},
			"faces": {
				"north": {"uv": [5.25, 0.25, 7.5, 0.375], "texture": "#1"},
				"east": {"uv": [5.375, 4.25, 5.5, 4.375], "texture": "#1"},
				"south": {"uv": [5.25, 0.375, 7.5, 0.5], "texture": "#1"},
				"west": {"uv": [5.375, 4.375, 5.5, 4.5], "texture": "#1"},
				"up": {"uv": [7.5, 0.625, 5.25, 0.5], "texture": "#1"},
				"down": {"uv": [7.5, 0.625, 5.25, 0.75], "texture": "#1"}
			}
		},
		{
			"from": [-0.4, 7, 5],
			"to": [1, 8, 7],
			"rotation": {"angle": 0, "axis": "y", "origin": [0, 0, -3]},
			"faces": {
				"north": {"uv": [5.375, 4.5, 5.5, 4.625], "texture": "#1"},
				"east": {"uv": [5.25, 3.25, 5.5, 3.375], "texture": "#1"},
				"south": {"uv": [5.375, 4.625, 5.5, 4.75], "texture": "#1"},
				"west": {"uv": [5.25, 3.375, 5.5, 3.5], "texture": "#1"},
				"up": {"uv": [5.375, 3.75, 5.25, 3.5], "texture": "#1"},
				"down": {"uv": [5.375, 3.75, 5.25, 4], "texture": "#1"}
			}
		},
		{
			"from": [14.6, 7, 5],
			"to": [16, 8, 7],
			"rotation": {"angle": 0, "axis": "y", "origin": [0, 0, -3]},
			"faces": {
				"north": {"uv": [5.375, 5, 5.5, 5.125], "texture": "#1"},
				"east": {"uv": [5.25, 4, 5.5, 4.125], "texture": "#1"},
				"south": {"uv": [5.375, 5.125, 5.5, 5.25], "texture": "#1"},
				"west": {"uv": [5.25, 4.125, 5.5, 4.25], "texture": "#1"},
				"up": {"uv": [5.375, 4.5, 5.25, 4.25], "texture": "#1"},
				"down": {"uv": [5.375, 4.5, 5.25, 4.75], "texture": "#1"}
			}
		},
		{
			"from": [-0.4, 23, 5],
			"to": [1, 24, 7],
			"rotation": {"angle": 0, "axis": "y", "origin": [0, 0, -3]},
			"faces": {
				"north": {"uv": [5.375, 5.25, 5.5, 5.375], "texture": "#1"},
				"east": {"uv": [5.25, 4.75, 5.5, 4.875], "texture": "#1"},
				"south": {"uv": [5.375, 5.375, 5.5, 5.5], "texture": "#1"},
				"west": {"uv": [5.25, 4.875, 5.5, 5], "texture": "#1"},
				"up": {"uv": [5.375, 5.25, 5.25, 5], "texture": "#1"},
				"down": {"uv": [5.375, 5.25, 5.25, 5.5], "texture": "#1"}
			}
		},
		{
			"from": [14.6, 23, 5],
			"to": [16, 24, 7],
			"rotation": {"angle": 0, "axis": "y", "origin": [0, 0, -3]},
			"faces": {
				"north": {"uv": [5.5, 1.75, 5.625, 1.875], "texture": "#1"},
				"east": {"uv": [5.375, 2.5, 5.625, 2.625], "texture": "#1"},
				"south": {"uv": [5.5, 1.875, 5.625, 2], "texture": "#1"},
				"west": {"uv": [5.375, 2.625, 5.625, 2.75], "texture": "#1"},
				"up": {"uv": [5.5, 3, 5.375, 2.75], "texture": "#1"},
				"down": {"uv": [5.5, 3.5, 5.375, 3.75], "texture": "#1"}
			}
		},
		{
			"from": [-1.4, 23, 4],
			"to": [17, 24, 5],
			"rotation": {"angle": 0, "axis": "y", "origin": [0, 0, -3]},
			"faces": {
				"north": {"uv": [5.25, 0.75, 7.5, 0.875], "texture": "#1"},
				"east": {"uv": [5.5, 2, 5.625, 2.125], "texture": "#1"},
				"south": {"uv": [5.25, 0.875, 7.5, 1], "texture": "#1"},
				"west": {"uv": [5.5, 2.125, 5.625, 2.25], "texture": "#1"},
				"up": {"uv": [7.5, 1.125, 5.25, 1], "texture": "#1"},
				"down": {"uv": [7.5, 1.125, 5.25, 1.25], "texture": "#1"}
			}
		},
		{
			"from": [12, 10, 0],
			"to": [12, 16, 9],
			"rotation": {"angle": 0, "axis": "y", "origin": [9, 15, 3.5]},
			"faces": {
				"north": {"uv": [0, 0, 0, 4], "texture": "#5"},
				"east": {"uv": [16, 0, 0, 16], "texture": "#5"},
				"south": {"uv": [0, 0, 0, 4], "texture": "#5"},
				"west": {"uv": [0, 0, 16, 16], "texture": "#5"},
				"up": {"uv": [0, 9, 0, 0], "texture": "#5"},
				"down": {"uv": [0, 0, 0, 9], "texture": "#5"}
			}
		},
		{
			"from": [12, 20, 2],
			"to": [12, 26, 11],
			"rotation": {"angle": 45, "axis": "x", "origin": [12, 25, 5.5]},
			"faces": {
				"north": {"uv": [0, 0, 0, 4], "texture": "#3"},
				"east": {"uv": [16, 0, 0, 16], "texture": "#3"},
				"south": {"uv": [0, 0, 0, 4], "texture": "#3"},
				"west": {"uv": [0, 0, 16, 16], "texture": "#3"},
				"up": {"uv": [0, 9, 0, 0], "texture": "#3"},
				"down": {"uv": [0, 0, 0, 9], "texture": "#3"}
			}
		},
		{
			"from": [4, 22, 1],
			"to": [4, 28, 10],
			"rotation": {"angle": 45, "axis": "x", "origin": [4, 26, 5.5]},
			"faces": {
				"north": {"uv": [0, 0, 0, 4], "texture": "#5"},
				"east": {"uv": [16, 0, 0, 16], "texture": "#5"},
				"south": {"uv": [0, 0, 0, 4], "texture": "#5"},
				"west": {"uv": [0, 0, 16, 16], "texture": "#5"},
				"up": {"uv": [0, 9, 0, 0], "texture": "#5"},
				"down": {"uv": [0, 0, 0, 9], "texture": "#5"}
			}
		},
		{
			"from": [6, 16, 0],
			"to": [6, 22, 9],
			"rotation": {"angle": 22.5, "axis": "x", "origin": [4, 15, 5.5]},
			"faces": {
				"north": {"uv": [0, 0, 0, 4], "texture": "#5"},
				"east": {"uv": [16, 0, 0, 16], "texture": "#5"},
				"south": {"uv": [0, 0, 0, 4], "texture": "#5"},
				"west": {"uv": [0, 0, 16, 16], "texture": "#5"},
				"up": {"uv": [0, 9, 0, 0], "texture": "#5"},
				"down": {"uv": [0, 0, 0, 9], "texture": "#5"}
			}
		}
	],
	"gui_light": "front",
	"display": {
		"thirdperson_righthand": {
			"rotation": [33.54, -37.47, 4.88],
			"translation": [2.5, -7.25, -5.5],
			"scale": [0.75, 0.75, 0.75]
		},
		"thirdperson_lefthand": {
			"rotation": [33.54, -37.47, 4.88],
			"translation": [2.5, -7.25, -5.5],
			"scale": [0.75, 0.75, 0.75]
		},
		"firstperson_righthand": {
			"rotation": [0, 0, 5.25],
			"translation": [-6, -2.5, 3.5],
			"scale": [0.5, 0.5, 0.5]
		},
		"firstperson_lefthand": {
			"rotation": [0, 0, 5.25],
			"translation": [-6, -2.5, 3.5],
			"scale": [0.5, 0.5, 0.5]
		},
		"ground": {
			"translation": [0, 2, 0],
			"scale": [0.4, 0.4, 0.4]
		},
		"gui": {
			"rotation": [0, -180, 0],
			"translation": [0.25, -2.25, 0],
			"scale": [0.4, 0.4, 0.4]
		},
		"fixed": {
			"translation": [0, -3, -1],
			"scale": [0.5, 0.5, 0.5]
		}
	},
	"groups": [
		{
			"name": "group",
			"origin": [0.05, 11, 7.5],
			"color": 0,
			"children": [0]
		},
		{
			"name": "blatt",
			"origin": [0, 0, 0],
			"color": 0,
			"children": [1]
		},
		{
			"name": "group",
			"origin": [0, 0, -3],
			"color": 0,
			"children": [2, 3, 4, 5, 6, 7, 8, 9, 10, 11, 12, 13, 14, 15, 16, 17, 18]
		},
		19,
		20,
		21,
		22
	]
}