{"credit":"Made with Blockbench","texture_size":[64,64],"textures":{"0":"christmas:items/christmas_tie","1":"christmas:items/christmas_shovel","particle":"christmas:items/christmas_tie"},"elements":[{"from":[8,0,8],"to":[9,14,9],"faces":{"north":{"uv":[3.5,6.75,3.25,10.25],"texture":"#1"},"east":{"uv":[3.25,6.75,3.5,10.25],"texture":"#1"},"south":{"uv":[3.5,6.75,3.25,10.25],"texture":"#1"},"west":{"uv":[3.5,6.75,3.25,10.25],"texture":"#1"},"up":{"uv":[8,2.25,7.75,2],"texture":"#1"},"down":{"uv":[2.625,8.125,2.375,8.375],"texture":"#1"}}},{"from":[7,0,7],"to":[10,2,10],"faces":{"north":{"uv":[0.75,6.375,1.5,6.875],"texture":"#1"},"east":{"uv":[1.5,5.875,2.25,6.375],"texture":"#1"},"south":{"uv":[2.125,6,2.875,6.5],"texture":"#1"},"west":{"uv":[0.875,6.25,1.625,6.75],"texture":"#1"},"up":{"uv":[1.5,6.875,0.75,6.125],"texture":"#1"},"down":{"uv":[1.25,6,0.5,6.75],"texture":"#1"}}},{"from":[7,11.25,9.05],"to":[10,16.25,10.05],"rotation":{"angle":0,"axis":"y","origin":[8.5,16.75,5.5]},"faces":{"north":{"uv":[0.75,5.625,1.5,6.875],"texture":"#1"},"east":{"uv":[0.125,5.625,0.375,6.875],"texture":"#1"},"south":{"uv":[1.5,5.625,2.25,6.875],"texture":"#1"},"west":{"uv":[2.5,5.75,2.75,7],"texture":"#1"},"up":{"uv":[1.25,6.75,0.5,6.5],"texture":"#1"},"down":{"uv":[2.125,6.125,1.375,6.375],"texture":"#1"}}},{"from":[7,10.25,10.05],"to":[10,17.25,12.05],"rotation":{"angle":0,"axis":"y","origin":[8.5,16.75,5.5]},"faces":{"north":{"uv":[0,5.5,0.75,7.125],"texture":"#1"},"east":{"uv":[0.75,5.5,1.25,7.125],"texture":"#1"},"south":{"uv":[0,5.5,0.75,7.125],"texture":"#1"},"west":{"uv":[1.25,5.5,1.75,7.125],"texture":"#1"},"up":{"uv":[2.875,6.375,2.125,5.875],"texture":"#1"},"down":{"uv":[2.875,6.5,2.125,7],"texture":"#1"}}},{"from":[7,10.25,5.05],"to":[10,17.25,7.05],"rotation":{"angle":0,"axis":"y","origin":[8.5,16.75,5.5]},"faces":{"north":{"uv":[1.5,5.5,2.25,7.125],"texture":"#1"},"east":{"uv":[0.625,5.5,1.125,7.125],"texture":"#1"},"south":{"uv":[2.25,5.5,3,7.125],"texture":"#1"},"west":{"uv":[1,5.5,1.5,7.125],"texture":"#1"},"up":{"uv":[1.625,6.625,0.875,6.125],"texture":"#1"},"down":{"uv":[2.5,5.75,1.75,6.25],"texture":"#1"}}},{"from":[7,11.25,7.05],"to":[10,16.25,9.05],"rotation":{"angle":0,"axis":"y","origin":[8.5,16.75,5.5]},"faces":{"north":{"uv":[2,5.625,2.75,6.875],"texture":"#1"},"east":{"uv":[1.75,5.75,2.25,7],"texture":"#1"},"south":{"uv":[1,5.625,1.75,6.875],"texture":"#1"},"west":{"uv":[2,5.75,2.5,7],"texture":"#1"},"up":{"uv":[0.75,6.625,0,6.125],"texture":"#1"},"down":{"uv":[1.875,6,1.125,6.5],"texture":"#1"}}},{"from":[8,16.25,6.05],"to":[9,19.25,11.05],"rotation":{"angle":0,"axis":"y","origin":[8.5,16.75,5.5]},"faces":{"north":{"uv":[1.25,7.75,1.5,8.5],"texture":"#1"},"east":{"uv":[6,5.5,7.25,6.25],"texture":"#1"},"south":{"uv":[1.5,7.75,1.75,8.5],"texture":"#1"},"west":{"uv":[7.25,5.5,6,6.25],"texture":"#1"},"up":{"uv":[1,9,0.75,7.75],"texture":"#1"},"down":{"uv":[1.25,7.75,1,9],"texture":"#1"}}},{"from":[8,19.25,7.05],"to":[9,20.25,10.05],"rotation":{"angle":0,"axis":"y","origin":[8.5,16.75,5.5]},"faces":{"north":{"uv":[7.75,2.25,8,2.5],"texture":"#1"},"east":{"uv":[7.5,5,8.25,5.25],"texture":"#1"},"south":{"uv":[2.5,7.75,2.75,8],"texture":"#1"},"west":{"uv":[8.25,5,7.5,5.25],"texture":"#1"},"up":{"uv":[2,8.5,1.75,7.75],"texture":"#1"},"down":{"uv":[2.25,7.75,2,8.5],"texture":"#1"}}},{"name":"blatt","from":[6.995,12,5.995],"to":[6.995,16,10.995],"rotation":{"angle":0,"axis":"y","origin":[7.5,12,8.495]},"faces":{"north":{"uv":[0,0,0,1],"texture":"#missing"},"east":{"uv":[6,0,11,4],"texture":"#0"},"south":{"uv":[0,0,0,1],"texture":"#missing"},"west":{"uv":[6,0,11,4],"texture":"#0"},"up":{"uv":[0,0,1.25,0],"rotation":270,"texture":"#missing"},"down":{"uv":[0,0,1.25,0],"rotation":90,"texture":"#missing"}}},{"name":"blatt","from":[10.005,12,5.995],"to":[10.005,16,10.995],"rotation":{"angle":0,"axis":"y","origin":[7.5,12,8.495]},"faces":{"north":{"uv":[0,0,0,1],"texture":"#missing"},"east":{"uv":[6,0,11,4],"texture":"#0"},"south":{"uv":[0,0,0,1],"texture":"#missing"},"west":{"uv":[6,0,11,4],"texture":"#0"},"up":{"uv":[0,0,1.25,0],"rotation":270,"texture":"#missing"},"down":{"uv":[0,0,1.25,0],"rotation":90,"texture":"#missing"}}},{"name":"blatt","from":[10.0639,-0.86,6.5361],"to":[10.0639,2.26,10.4361],"rotation":{"angle":0,"axis":"y","origin":[7.61,9.36,8.3861]},"faces":{"north":{"uv":[0,0,0,1],"texture":"#missing"},"east":{"uv":[6,0,11,4],"texture":"#0"},"south":{"uv":[0,0,0,1],"texture":"#missing"},"west":{"uv":[6,0,11,4],"texture":"#0"},"up":{"uv":[0,0,1.25,0],"rotation":270,"texture":"#missing"},"down":{"uv":[0,0,1.25,0],"rotation":90,"texture":"#missing"}}},{"name":"blatt","from":[6.9161,-0.86,6.5361],"to":[6.9161,2.26,10.4361],"rotation":{"angle":0,"axis":"y","origin":[7.61,9.36,8.3861]},"faces":{"north":{"uv":[0,0,0,1],"texture":"#missing"},"east":{"uv":[6,0,11,4],"texture":"#0"},"south":{"uv":[0,0,0,1],"texture":"#missing"},"west":{"uv":[6,0,11,4],"texture":"#0"},"up":{"uv":[0,0,1.25,0],"rotation":270,"texture":"#missing"},"down":{"uv":[0,0,1.25,0],"rotation":90,"texture":"#missing"}}}],"display":{"ground":{"translation":[0,7,0]},"gui":{"rotation":[48.35,51.04,-56.14],"translation":[-0.5,-0.75,0],"scale":[0.5,0.5,0.5]},"fixed":{"rotation":[59.52,56.96,-69.9],"translation":[-0.5,-0.75,0],"scale":[0.5,0.5,0.5]}}}