{"credit":"Made with Blockbench","texture_size":[32,32],"textures":{"1":"christmas:items/christmas_tie","3":"christmas:items/christmas_sword"},"elements":[{"from":[-1.13431,28.57645,8.01],"to":[-0.13431,29.57645,8.99],"rotation":{"angle":-45,"axis":"z","origin":[-1.43431,17.26274,1]},"faces":{"north":{"uv":[6,6.5,6.5,7],"texture":"#3"},"east":{"uv":[6.5,6.5,7,7],"texture":"#3"},"south":{"uv":[7,2,7.5,2.5],"texture":"#3"},"west":{"uv":[7,2.5,7.5,3],"texture":"#3"},"up":{"uv":[7.5,3.5,7,3],"texture":"#3"},"down":{"uv":[7.5,3.5,7,4],"texture":"#3"}}},{"from":[7,0,8],"to":[8,6,9],"faces":{"north":{"uv":[4,0,4.5,3],"texture":"#3"},"east":{"uv":[4,3,4.5,6],"texture":"#3"},"south":{"uv":[4.5,0,5,3],"texture":"#3"},"west":{"uv":[4.5,3,5,6],"texture":"#3"},"up":{"uv":[4.5,7.5,4,7],"texture":"#3"},"down":{"uv":[5,7,4.5,7.5],"texture":"#3"}}},{"from":[6,6,8],"to":[9,7,9],"faces":{"north":{"uv":[5,2,6.5,2.5],"texture":"#3"},"east":{"uv":[5,7,5.5,7.5],"texture":"#3"},"south":{"uv":[5,2.5,6.5,3],"texture":"#3"},"west":{"uv":[5.5,7,6,7.5],"texture":"#3"},"up":{"uv":[6.5,3.5,5,3],"texture":"#3"},"down":{"uv":[6.5,3.5,5,4],"texture":"#3"}}},{"from":[4,7,8],"to":[7,8,9],"faces":{"north":{"uv":[5,4,6.5,4.5],"texture":"#3"},"east":{"uv":[6,7,6.5,7.5],"texture":"#3"},"south":{"uv":[5,4.5,6.5,5],"texture":"#3"},"west":{"uv":[7,6,7.5,6.5],"texture":"#3"},"up":{"uv":[6.5,5.5,5,5],"texture":"#3"},"down":{"uv":[6.5,5.5,5,6],"texture":"#3"}}},{"from":[8,7,8],"to":[11,8,9],"faces":{"north":{"uv":[6,0,7.5,0.5],"texture":"#3"},"east":{"uv":[6.5,7,7,7.5],"texture":"#3"},"south":{"uv":[6,0.5,7.5,1],"texture":"#3"},"west":{"uv":[7,6.5,7.5,7],"texture":"#3"},"up":{"uv":[7.5,1.5,6,1],"texture":"#3"},"down":{"uv":[7.5,1.5,6,2],"texture":"#3"}}},{"from":[10,8,8],"to":[11,9,9],"faces":{"north":{"uv":[7,7,7.5,7.5],"texture":"#3"},"east":{"uv":[7.5,0,8,0.5],"texture":"#3"},"south":{"uv":[7.5,0.5,8,1],"texture":"#3"},"west":{"uv":[7.5,1,8,1.5],"texture":"#3"},"up":{"uv":[8,2,7.5,1.5],"texture":"#3"},"down":{"uv":[8,2,7.5,2.5],"texture":"#3"}}},{"from":[4,8,8],"to":[5,9,9],"faces":{"north":{"uv":[7.5,2.5,8,3],"texture":"#3"},"east":{"uv":[7.5,3,8,3.5],"texture":"#3"},"south":{"uv":[7.5,3.5,8,4],"texture":"#3"},"west":{"uv":[4,7.5,4.5,8],"texture":"#3"},"up":{"uv":[8,4.5,7.5,4],"texture":"#3"},"down":{"uv":[5,7.5,4.5,8],"texture":"#3"}}},{"from":[7,7,8],"to":[8,8,9],"faces":{"north":{"uv":[7.5,4.5,8,5],"texture":"#3"},"east":{"uv":[5,7.5,5.5,8],"texture":"#3"},"south":{"uv":[7.5,5,8,5.5],"texture":"#3"},"west":{"uv":[5.5,7.5,6,8],"texture":"#3"},"up":{"uv":[8,6,7.5,5.5],"texture":"#3"},"down":{"uv":[6.5,7.5,6,8],"texture":"#3"}}},{"from":[6,8,8],"to":[9,24.2,9],"faces":{"north":{"uv":[0,0,1.5,8],"texture":"#3"},"east":{"uv":[3,0,3.5,8],"texture":"#3"},"south":{"uv":[0,0,1.5,8],"texture":"#3"},"west":{"uv":[3.5,0,3,8],"texture":"#3"},"up":{"uv":[5.5,6.5,4,6],"texture":"#3"},"down":{"uv":[7,6,5.5,6.5],"texture":"#3"}}},{"from":[6.01213,23.20208,8.01],"to":[8.01213,25.20208,8.99],"rotation":{"angle":-45,"axis":"z","origin":[6.21213,24.20208,9.5]},"faces":{"north":{"uv":[5,0,6,1],"texture":"#3"},"east":{"uv":[6.5,2,7,3],"texture":"#3"},"south":{"uv":[5,1,6,2],"texture":"#3"},"west":{"uv":[6.5,3,7,4],"texture":"#3"},"up":{"uv":[5,7,4,6.5],"texture":"#3"},"down":{"uv":[7.5,4,6.5,4.5],"texture":"#3"}}},{"from":[7.63345,23.70208,8.01],"to":[9.63345,24.70208,8.99],"rotation":{"angle":-45,"axis":"z","origin":[8.33345,24.20208,9.5]},"faces":{"north":{"uv":[6.5,4.5,7.5,5],"texture":"#3"},"east":{"uv":[7.5,6,8,6.5],"texture":"#3"},"south":{"uv":[5,6.5,6,7],"texture":"#3"},"west":{"uv":[6.5,7.5,7,8],"texture":"#3"},"up":{"uv":[7.5,5.5,6.5,5],"texture":"#3"},"down":{"uv":[7.5,5.5,6.5,6],"texture":"#3"}}},{"from":[7,-1,8],"to":[8,0,9],"rotation":{"angle":-22.5,"axis":"y","origin":[7.5,-0.5,8.5]},"faces":{"north":{"uv":[7.5,6.5,8,7],"texture":"#3"},"east":{"uv":[7,7.5,7.5,8],"texture":"#3"},"south":{"uv":[7.5,7,8,7.5],"texture":"#3"},"west":{"uv":[7.5,7.5,8,8],"texture":"#3"},"up":{"uv":[0.5,8.5,0,8],"texture":"#3"},"down":{"uv":[8.5,0,8,0.5],"texture":"#3"}}},{"name":"blatt","from":[5,6,7.98],"to":[10,10,7.98],"faces":{"north":{"uv":[6,0,11,4],"texture":"#1"},"east":{"uv":[0,0,0,1],"texture":"#1"},"south":{"uv":[6,0,11,4],"texture":"#1"},"west":{"uv":[0,0,0,1],"texture":"#1"},"up":{"uv":[0,0,1.25,0],"texture":"#1"},"down":{"uv":[0,0,1.25,0],"texture":"#1"}}},{"name":"blatt","from":[5,6,9.03],"to":[10,10,9.03],"faces":{"north":{"uv":[6,0,11,3.75],"texture":"#1"},"east":{"uv":[0,0,0,1],"texture":"#1"},"south":{"uv":[6,0,11,3.75],"texture":"#1"},"west":{"uv":[0,0,0,1],"texture":"#1"},"up":{"uv":[0,0,1.25,0],"texture":"#1"},"down":{"uv":[0,0,1.25,0],"texture":"#1"}}}],"display":{"thirdperson_righthand":{"rotation":[0,-90,1],"translation":[0.5,2.75,1.25]},"thirdperson_lefthand":{"rotation":[0,-90,1],"translation":[0.5,2.75,0.25]},"firstperson_righthand":{"rotation":[-17,-76,-5],"translation":[0.75,3.5,1.25],"scale":[0.8,0.8,0.8]},"firstperson_lefthand":{"rotation":[-17,-76,-5],"translation":[0.75,3.5,0.25],"scale":[0.8,0.8,0.8]},"ground":{"rotation":[0,-90,1],"translation":[0.75,9.75,1.25]},"gui":{"rotation":[0,0,-47.25],"translation":[-2.5,-2.5,-1],"scale":[0.6,0.6,0.6]},"head":{"rotation":[-29,-90,-180],"translation":[-6.25,-29,-1]},"fixed":{"translation":[0.25,-2.5,-0.5],"scale":[0.5,0.5,0.5]}}}