{"credit":"Made with Blockbench","textures":{"0":"christmas:items/christmas_tie","1":"christmas:items/christmas_pickaxe","particle":"christmas:items/christmas_tie"},"elements":[{"from":[8,0,8],"to":[9,14,9],"faces":{"north":{"uv":[6,6.5,6.5,13.5],"texture":"#1"},"east":{"uv":[6.5,6.5,7,13.5],"texture":"#1"},"south":{"uv":[7,6.5,7.5,13.5],"texture":"#1"},"west":{"uv":[0,7.5,0.5,14.5],"texture":"#1"},"up":{"uv":[5,6.5,4.5,6],"texture":"#1"},"down":{"uv":[5.5,6,5,6.5],"texture":"#1"}}},{"from":[6,14,7],"to":[12,19,10],"faces":{"north":{"uv":[5.5,0,8.5,2.5],"texture":"#1"},"east":{"uv":[3,6,4.5,8.5],"texture":"#1"},"south":{"uv":[5.5,2.5,8.5,5],"texture":"#1"},"west":{"uv":[4.5,6.5,6,9],"texture":"#1"},"up":{"uv":[8.5,6.5,5.5,5],"texture":"#1"},"down":{"uv":[3,6,0,7.5],"texture":"#1"}}},{"from":[3,14,7],"to":[6,17,10],"faces":{"north":{"uv":[8.5,1,10,2.5],"texture":"#1"},"east":{"uv":[2,8.5,3.5,10],"texture":"#1"},"south":{"uv":[8.5,2.5,10,4],"texture":"#1"},"west":{"uv":[8.5,4,10,5.5],"texture":"#1"},"up":{"uv":[9,10,7.5,8.5],"texture":"#1"},"down":{"uv":[5,9,3.5,10.5],"texture":"#1"}}},{"from":[3,17,8],"to":[4,18,9],"faces":{"north":{"uv":[2,7.5,2.5,8],"texture":"#1"},"east":{"uv":[2.5,7.5,3,8],"texture":"#1"},"south":{"uv":[2,8,2.5,8.5],"texture":"#1"},"west":{"uv":[2.5,8,3,8.5],"texture":"#1"},"up":{"uv":[4,9,3.5,8.5],"texture":"#1"},"down":{"uv":[4.5,8.5,4,9],"texture":"#1"}}},{"from":[4,14,6],"to":[5,15,7],"rotation":{"angle":-22.5,"axis":"z","origin":[4.5,14.5,6.5]},"faces":{"north":{"uv":[8.5,5.5,9,6],"texture":"#1"},"east":{"uv":[8.5,6,9,6.5],"texture":"#1"},"south":{"uv":[10,4.5,10.5,5],"texture":"#1"},"west":{"uv":[10,5,10.5,5.5],"texture":"#1"},"up":{"uv":[8.5,10.5,8,10],"texture":"#1"},"down":{"uv":[9,10,8.5,10.5],"texture":"#1"}}},{"from":[10,14,6],"to":[11,15,7],"rotation":{"angle":-22.5,"axis":"z","origin":[10.5,14.5,6.5]},"faces":{"north":{"uv":[9,10,9.5,10.5],"texture":"#1"},"east":{"uv":[9.5,10,10,10.5],"texture":"#1"},"south":{"uv":[10,10,10.5,10.5],"texture":"#1"},"west":{"uv":[0.5,10.5,1,11],"texture":"#1"},"up":{"uv":[1.5,11,1,10.5],"texture":"#1"},"down":{"uv":[2,10.5,1.5,11],"texture":"#1"}}},{"from":[4,14,10],"to":[5,15,11],"rotation":{"angle":-22.5,"axis":"z","origin":[4.5,14.5,10.5]},"faces":{"north":{"uv":[2,10.5,2.5,11],"texture":"#1"},"east":{"uv":[2.5,10.5,3,11],"texture":"#1"},"south":{"uv":[3,10.5,3.5,11],"texture":"#1"},"west":{"uv":[10.5,3,11,3.5],"texture":"#1"},"up":{"uv":[4,11,3.5,10.5],"texture":"#1"},"down":{"uv":[11,3.5,10.5,4],"texture":"#1"}}},{"from":[10,14,10],"to":[11,15,11],"rotation":{"angle":-22.5,"axis":"z","origin":[10.5,14.5,10.5]},"faces":{"north":{"uv":[4,10.5,4.5,11],"texture":"#1"},"east":{"uv":[10.5,4,11,4.5],"texture":"#1"},"south":{"uv":[4.5,10.5,5,11],"texture":"#1"},"west":{"uv":[10.5,4.5,11,5],"texture":"#1"},"up":{"uv":[5.5,11,5,10.5],"texture":"#1"},"down":{"uv":[11,5,10.5,5.5],"texture":"#1"}}},{"from":[2,18,8.5],"to":[5,22,8.5],"faces":{"north":{"uv":[0.5,7.5,2,9.5],"texture":"#1"},"east":{"uv":[13.875,12.25,13.875,14.25],"texture":"#1"},"south":{"uv":[2,7.5,0.5,9.5],"texture":"#1"},"west":{"uv":[12.25,12.125,12.25,14.125],"texture":"#1"},"up":{"uv":[14.625,10.125,13.125,10.125],"texture":"#1"},"down":{"uv":[14.5,11.125,13,11.125],"texture":"#1"}}},{"from":[2,13,5.9],"to":[13,14,11.1],"faces":{"north":{"uv":[8.5,0,14,0.5],"texture":"#1"},"east":{"uv":[9,8.5,11.625,9],"texture":"#1"},"south":{"uv":[8.5,0.5,14,1],"texture":"#1"},"west":{"uv":[9,9,11.625,9.5],"texture":"#1"},"up":{"uv":[5.5,2.625,0,0],"texture":"#1"},"down":{"uv":[5.5,3,0,5.625],"texture":"#1"}}},{"from":[7,-1,7],"to":[10,0,10],"faces":{"north":{"uv":[1.5,3,0,3.5],"texture":"#1"},"east":{"uv":[0,3,1.5,3.5],"texture":"#1"},"south":{"uv":[3.875,3,5.375,3.5],"texture":"#1"},"west":{"uv":[5.375,3,3.875,3.5],"texture":"#1"},"up":{"uv":[11.375,9.375,10.25,8.5],"texture":"#1"},"down":{"uv":[13.75,0,13,0.625],"texture":"#1"}}},{"from":[13,13,7],"to":[14,14,10],"faces":{"north":{"uv":[5.5,10.5,6,11],"texture":"#1"},"east":{"uv":[10,1.5,11.5,2],"texture":"#1"},"south":{"uv":[10.5,5.5,11,6],"texture":"#1"},"west":{"uv":[2,10,3.5,10.5],"texture":"#1"},"up":{"uv":[5.5,10.5,5,9],"texture":"#1"},"down":{"uv":[6,9,5.5,10.5],"texture":"#1"}}},{"from":[1,13,7],"to":[2,14,10],"faces":{"north":{"uv":[10.5,6,11,6.5],"texture":"#1"},"east":{"uv":[10,2,11.5,2.5],"texture":"#1"},"south":{"uv":[10.5,6.5,11,7],"texture":"#1"},"west":{"uv":[10,2.5,11.5,3],"texture":"#1"},"up":{"uv":[10.5,4.5,10,3],"texture":"#1"},"down":{"uv":[8,10,7.5,11.5],"texture":"#1"}}},{"name":"blatt","from":[6,9,7.98],"to":[11,13,7.98],"faces":{"north":{"uv":[6,0.25,11,4.25],"texture":"#0"},"east":{"uv":[0,0,0,4],"texture":"#missing"},"south":{"uv":[6,0.25,11,4.25],"texture":"#0"},"west":{"uv":[0,0,0,4],"texture":"#missing"},"up":{"uv":[0,0,5,0],"texture":"#missing"},"down":{"uv":[0,0,5,0],"texture":"#missing"}}},{"name":"blatt","from":[6,9,9.03],"to":[11,13,9.03],"faces":{"north":{"uv":[6,0.25,11,4.25],"texture":"#0"},"east":{"uv":[0,0,0,4],"texture":"#missing"},"south":{"uv":[6,0.25,11,4.25],"texture":"#0"},"west":{"uv":[0,0,0,4],"texture":"#missing"},"up":{"uv":[0,0,5,0],"texture":"#missing"},"down":{"uv":[0,0,5,0],"texture":"#missing"}}}],"display":{"thirdperson_righthand":{"rotation":[0,-90,0],"translation":[0.5,2.5,0.25]},"thirdperson_lefthand":{"rotation":[0,90,0],"translation":[-0.5,2.5,0.25]},"firstperson_righthand":{"rotation":[0,-90,0]},"firstperson_lefthand":{"rotation":[0,90,0]},"ground":{"translation":[0,8.75,0]},"gui":{"rotation":[0,0,-42.75],"translation":[-0.5,-1,0],"scale":[0.6,0.6,0.6]},"fixed":{"translation":[0,0,-0.25],"scale":[0.5,0.5,0.5]}}}