{"credit":"Made with Blockbench","texture_size":[64,64],"textures":{"0":"christmas:items/christmas_tie","1":"christmas:items/christmas_axe","particle":"christmas:items/christmas_tie"},"elements":[{"from":[8,0,8],"to":[9,14,9],"faces":{"north":{"uv":[7,5.5,6.75,9],"texture":"#1"},"east":{"uv":[7,5.5,6.75,9],"texture":"#1"},"south":{"uv":[6.75,5.5,7,9],"texture":"#1"},"west":{"uv":[7,5.5,6.75,9],"texture":"#1"},"up":{"uv":[8.25,7.75,8,7.5],"texture":"#1"},"down":{"uv":[8.25,7.75,8,8],"texture":"#1"}}},{"from":[7,-0.25,7],"to":[10,2,10],"faces":{"north":{"uv":[1,6.125,1.75,6.625],"texture":"#1"},"east":{"uv":[1,6.125,1.75,6.625],"texture":"#1"},"south":{"uv":[1,6.125,1.75,6.625],"texture":"#1"},"west":{"uv":[1,6.125,1.75,6.625],"texture":"#1"},"up":{"uv":[2.625,6.75,1.875,6],"texture":"#1"},"down":{"uv":[0.75,6,0,6.75],"texture":"#1"}}},{"from":[7,17,6],"to":[10,18,11],"faces":{"north":{"uv":[7.5,4.5,8.25,4.75],"texture":"#1"},"east":{"uv":[7.5,4,8.75,4.25],"texture":"#1"},"south":{"uv":[7.5,4.75,8.25,5],"texture":"#1"},"west":{"uv":[7.5,4.25,8.75,4.5],"texture":"#1"},"up":{"uv":[3.75,6.75,3,5.5],"texture":"#1"},"down":{"uv":[4.5,5.5,3.75,6.75],"texture":"#1"}}},{"from":[7,18,5],"to":[10,20,12],"faces":{"north":{"uv":[7.5,2,8.25,2.5],"texture":"#1"},"east":{"uv":[7,5.5,8.75,6],"texture":"#1"},"south":{"uv":[7.5,2.5,8.25,3],"texture":"#1"},"west":{"uv":[7,6,8.75,6.5],"texture":"#1"},"up":{"uv":[0.75,7.25,0,5.5],"texture":"#1"},"down":{"uv":[1.5,5.5,0.75,7.25],"texture":"#1"}}},{"from":[7,14,5],"to":[10,15,12],"faces":{"north":{"uv":[7.5,5,8.25,5.25],"texture":"#1"},"east":{"uv":[7.5,0,9.25,0.25],"texture":"#1"},"south":{"uv":[7.5,5.25,8.25,5.5],"texture":"#1"},"west":{"uv":[7.5,0.25,9.25,0.5],"texture":"#1"},"up":{"uv":[2.25,7.25,1.5,5.5],"texture":"#1"},"down":{"uv":[3,5.5,2.25,7.25],"texture":"#1"}}},{"from":[7,15,6],"to":[10,17,11],"faces":{"north":{"uv":[7.5,3,8.25,3.5],"texture":"#1"},"east":{"uv":[7,6.5,8.25,7],"texture":"#1"},"south":{"uv":[7.5,3.5,8.25,4],"texture":"#1"},"west":{"uv":[7,7,8.25,7.5],"texture":"#1"},"up":{"uv":[5.25,6.75,4.5,5.5],"texture":"#1"},"down":{"uv":[6,5.5,5.25,6.75],"texture":"#1"}}},{"from":[8,15.5,2],"to":[9,18.5,3],"rotation":{"angle":0,"axis":"y","origin":[0,0,16]},"faces":{"north":{"uv":[3,7.75,2.75,8.5],"texture":"#1"},"east":{"uv":[2.75,7.75,2.5,8.5],"texture":"#1"},"south":{"uv":[2.5,7.75,2.25,8.5],"texture":"#1"},"west":{"uv":[8,7.5,7.75,8.25],"texture":"#1"},"up":{"uv":[8.25,8,8,8.25],"texture":"#1"},"down":{"uv":[8.5,0.75,8.25,0.5],"texture":"#1"}}},{"from":[8,14.5,3],"to":[9,19.5,6],"rotation":{"angle":0,"axis":"y","origin":[0,0,16]},"faces":{"north":{"uv":[6.5,7.5,6.25,8.75],"texture":"#1"},"east":{"uv":[6.75,5.5,6,6.75],"texture":"#1"},"south":{"uv":[6.25,7.5,6,8.75],"texture":"#1"},"west":{"uv":[3.75,6.75,3,8],"texture":"#1"},"up":{"uv":[7.5,7.5,7.25,8.25],"texture":"#1"},"down":{"uv":[7.75,8.25,7.5,7.5],"texture":"#1"}}},{"from":[8,14.5,11],"to":[9,19.5,14],"faces":{"north":{"uv":[6,7.5,6.25,8.75],"texture":"#1"},"east":{"uv":[6,5.5,6.75,6.75],"texture":"#1"},"south":{"uv":[6.25,7.5,6.5,8.75],"texture":"#1"},"west":{"uv":[3,6.75,3.75,8],"texture":"#1"},"up":{"uv":[7.5,8.25,7.25,7.5],"texture":"#1"},"down":{"uv":[7.75,7.5,7.5,8.25],"texture":"#1"}}},{"from":[8,15.5,14],"to":[9,18.5,15],"faces":{"north":{"uv":[2.25,7.75,2.5,8.5],"texture":"#1"},"east":{"uv":[2.5,7.75,2.75,8.5],"texture":"#1"},"south":{"uv":[2.75,7.75,3,8.5],"texture":"#1"},"west":{"uv":[7.75,7.5,8,8.25],"texture":"#1"},"up":{"uv":[8.25,8.25,8,8],"texture":"#1"},"down":{"uv":[8.5,0.5,8.25,0.75],"texture":"#1"}}},{"from":[7,13,7],"to":[10,14,10],"faces":{"north":{"uv":[1.5,8,2.25,8.25],"texture":"#1"},"east":{"uv":[3,8,3.75,8.25],"texture":"#1"},"south":{"uv":[3.75,8,4.5,8.25],"texture":"#1"},"west":{"uv":[4.5,8,5.25,8.25],"texture":"#1"},"up":{"uv":[1.5,8,0.75,7.25],"texture":"#1"},"down":{"uv":[2.25,7.25,1.5,8],"texture":"#1"}}},{"name":"blatt","from":[6.9161,-0.86,6.5361],"to":[6.9161,2.26,10.4361],"rotation":{"angle":0,"axis":"y","origin":[7.61,9.36,8.3861]},"faces":{"north":{"uv":[0,0,0,1],"texture":"#missing"},"east":{"uv":[6,0,11,4],"texture":"#0"},"south":{"uv":[0,0,0,1],"texture":"#missing"},"west":{"uv":[6,0,11,4],"texture":"#0"},"up":{"uv":[0,0,1.25,0],"rotation":270,"texture":"#missing"},"down":{"uv":[0,0,1.25,0],"rotation":90,"texture":"#missing"}}},{"name":"blatt","from":[10.0639,-0.86,6.5361],"to":[10.0639,2.26,10.4361],"rotation":{"angle":0,"axis":"y","origin":[7.61,9.36,8.3861]},"faces":{"north":{"uv":[0,0,0,1],"texture":"#missing"},"east":{"uv":[6,0,11,4],"texture":"#0"},"south":{"uv":[0,0,0,1],"texture":"#missing"},"west":{"uv":[6,0,11,4],"texture":"#0"},"up":{"uv":[0,0,1.25,0],"rotation":270,"texture":"#missing"},"down":{"uv":[0,0,1.25,0],"rotation":90,"texture":"#missing"}}},{"name":"blatt","from":[6.995,15,5.995],"to":[6.995,19,10.995],"rotation":{"angle":0,"axis":"y","origin":[7.5,12,8.495]},"faces":{"north":{"uv":[0,0,0,1],"texture":"#missing"},"east":{"uv":[6,0,11,4],"texture":"#0"},"south":{"uv":[0,0,0,1],"texture":"#missing"},"west":{"uv":[6,0,11,4],"texture":"#0"},"up":{"uv":[0,0,1.25,0],"rotation":270,"texture":"#missing"},"down":{"uv":[0,0,1.25,0],"rotation":90,"texture":"#missing"}}},{"name":"blatt","from":[10.005,15,5.995],"to":[10.005,19,10.995],"rotation":{"angle":0,"axis":"y","origin":[7.5,12,8.495]},"faces":{"north":{"uv":[0,0,0,1],"texture":"#missing"},"east":{"uv":[6,0,11,4],"texture":"#0"},"south":{"uv":[0,0,0,1],"texture":"#missing"},"west":{"uv":[6,0,11,4],"texture":"#0"},"up":{"uv":[0,0,1.25,0],"rotation":270,"texture":"#missing"},"down":{"uv":[0,0,1.25,0],"rotation":90,"texture":"#missing"}}}],"display":{"ground":{"translation":[0,6.25,0]},"gui":{"rotation":[48.35,51.04,-56.14],"translation":[-0.5,-0.75,0],"scale":[0.5,0.5,0.5]},"fixed":{"rotation":[96.36,61.67,-95.48],"translation":[-0.5,-0.75,0],"scale":[0.5,0.5,0.5]}}}