{"credit":"By KeepMeow","texture_size":[64,64],"textures":{"0":"christmas:items/red_santa_hat"},"elements":[{"from":[1,0,1],"to":[15,4,15],"faces":{"north":{"uv":[8.5,0,12,1],"texture":"#0"},"east":{"uv":[8.5,0,12,1],"texture":"#0"},"south":{"uv":[8.5,0,12,1],"texture":"#0"},"west":{"uv":[8.5,0,12,1],"texture":"#0"},"up":{"uv":[3.5,3.5,0,0],"texture":"#0"},"down":{"uv":[3.5,3.5,0,7],"texture":"#0"}}},{"from":[0.75,-0.25,0.75],"to":[15.25,4.25,15.25],"faces":{"north":{"uv":[12.5,1.25,16,2.25],"texture":"#0"},"east":{"uv":[12.5,1.25,16,2.25],"texture":"#0"},"south":{"uv":[12.5,1.25,16,2.25],"texture":"#0"},"west":{"uv":[12.5,1.25,16,2.25],"texture":"#0"},"up":{"uv":[16,5.75,12.5,2.25],"texture":"#0"},"down":{"uv":[16,2.25,12.5,5.75],"texture":"#0"}}},{"from":[12.25,-12.25,6.75],"to":[17.75,-6.75,12.25],"rotation":{"angle":22.5,"axis":"z","origin":[0,0,0]},"faces":{"north":{"uv":[14.75,0,16,1.25],"texture":"#0"},"east":{"uv":[14.75,0,16,1.25],"texture":"#0"},"south":{"uv":[14.75,0,16,1.25],"texture":"#0"},"west":{"uv":[14.75,0,16,1.25],"texture":"#0"},"up":{"uv":[16,1.25,14.75,0],"texture":"#0"},"down":{"uv":[16,0,14.75,1.25],"texture":"#0"}}},{"from":[12.5,-12,7],"to":[17.5,-7,12],"rotation":{"angle":22.5,"axis":"z","origin":[0,0,0]},"faces":{"north":{"uv":[2.25,7,3.5,8.25],"texture":"#0"},"east":{"uv":[1.25,9.25,2.5,10.5],"texture":"#0"},"south":{"uv":[2.5,9.25,3.75,10.5],"texture":"#0"},"west":{"uv":[3.75,9.25,5,10.5],"texture":"#0"},"up":{"uv":[10.75,10,9.5,8.75],"texture":"#0"},"down":{"uv":[6.25,9.75,5,11],"texture":"#0"}}},{"from":[0,5,2],"to":[11,10,14],"rotation":{"angle":-22.5,"axis":"z","origin":[0,0,0]},"faces":{"north":{"uv":[8.5,2,11.25,3.25],"texture":"#0","tintindex":0},"east":{"uv":[8,5.25,11,6.5],"texture":"#0","tintindex":0},"south":{"uv":[8.5,3.25,11.25,4.5],"texture":"#0","tintindex":0},"west":{"uv":[8,6.5,11,7.75],"texture":"#0","tintindex":0},"up":{"uv":[6.25,3,3.5,0],"texture":"#0","tintindex":0},"down":{"uv":[6.25,3,3.5,6],"texture":"#0","tintindex":0}}},{"from":[0,4,2],"to":[2,5,14],"rotation":{"angle":-22.5,"axis":"z","origin":[0,0,0]},"faces":{"north":{"uv":[7,8.25,7.5,8.5],"texture":"#0","tintindex":0},"east":{"uv":[8.5,4.5,11.5,4.75],"texture":"#0","tintindex":0},"south":{"uv":[7.5,8.25,8,8.5],"texture":"#0","tintindex":0},"west":{"uv":[8.5,4.75,11.5,5],"texture":"#0","tintindex":0},"up":{"uv":[6.75,12.75,6.25,9.75],"texture":"#0","tintindex":0},"down":{"uv":[7.25,10.25,6.75,13.25],"texture":"#0","tintindex":0}}},{"from":[3,7,4],"to":[12,14,13],"rotation":{"angle":-22.5,"axis":"z","origin":[0,0,0]},"faces":{"north":{"uv":[6.25,0,8.5,1.75],"texture":"#0","tintindex":0},"east":{"uv":[6.25,1.75,8.5,3.5],"texture":"#0","tintindex":0},"south":{"uv":[6.25,3.5,8.5,5.25],"texture":"#0","tintindex":0},"west":{"uv":[0,7,2.25,8.75],"texture":"#0","tintindex":0},"up":{"uv":[5.75,8.25,3.5,6],"texture":"#0","tintindex":0},"down":{"uv":[8,6,5.75,8.25],"texture":"#0","tintindex":0}}},{"from":[13,-5,7],"to":[18,1,12],"rotation":{"angle":22.5,"axis":"z","origin":[0,0,0]},"faces":{"north":{"uv":[5.75,8.25,7,9.75],"texture":"#0","tintindex":0},"east":{"uv":[0,8.75,1.25,10.25],"texture":"#0","tintindex":0},"south":{"uv":[7,8.75,8.25,10.25],"texture":"#0","tintindex":0},"west":{"uv":[8.25,8.75,9.5,10.25],"texture":"#0","tintindex":0},"up":{"uv":[10.75,11.25,9.5,10],"texture":"#0","tintindex":0},"down":{"uv":[1.25,10.25,0,11.5],"texture":"#0","tintindex":0}}},{"from":[15,-2,8],"to":[18,2,11],"faces":{"north":{"uv":[7.25,10.25,8,11.25],"texture":"#0","tintindex":0},"east":{"uv":[8,10.25,8.75,11.25],"texture":"#0","tintindex":0},"south":{"uv":[8.75,10.25,9.5,11.25],"texture":"#0","tintindex":0},"west":{"uv":[1.25,10.5,2,11.5],"texture":"#0","tintindex":0},"up":{"uv":[7,6,6.25,5.25],"texture":"#0","tintindex":0},"down":{"uv":[7.75,5.25,7,6],"texture":"#0","tintindex":0}}}],"display":{"thirdperson_righthand":{"rotation":[75,45,0],"translation":[0,2.5,0],"scale":[0.25,0.25,0.25]},"thirdperson_lefthand":{"rotation":[75,45,0],"translation":[0,2.5,0],"scale":[0.25,0.25,0.25]},"firstperson_righthand":{"rotation":[0,45,0],"translation":[0,1,0],"scale":[0.4,0.4,0.4]},"firstperson_lefthand":{"rotation":[0,45,0],"translation":[0,1,0],"scale":[0.4,0.4,0.4]},"ground":{"translation":[0,3,0],"scale":[0.25,0.25,0.25]},"gui":{"rotation":[30,225,0],"translation":[0,2.75,0],"scale":[0.625,0.625,0.625]},"head":{"rotation":[0,-90,0],"translation":[0,10.75,0],"scale":[1.25,1.25,1.25]},"fixed":{"rotation":[-90,0,0],"translation":[0,0,-15],"scale":[2,2,2]}}}