{
	"credit": "Made by ManningDesign",
	"textures": {
		"0": "custom/bs_cc_elephant_texture"
	},
	"elements": [
		{
			"from": [10.5, 3, 6],
			"to": [12.5, 7, 8],
			"rotation": {"angle": 45, "axis": "x", "origin": [4, 6, 5]},
			"faces": {
				"north": {"uv": [3.5, 4.25, 4, 5.25], "texture": "#0"},
				"east": {"uv": [3, 6.25, 3.5, 7.25], "texture": "#0"},
				"south": {"uv": [7.75, 4, 8.25, 5], "texture": "#0"},
				"west": {"uv": [2, 11.5, 2.5, 12.5], "texture": "#0"},
				"up": {"uv": [8.75, 2.25, 8.25, 1.75], "texture": "#0"},
				"down": {"uv": [9.25, 3.5, 8.75, 4], "texture": "#0"}
			}
		},
		{
			"from": [6, 0.78678, 3.53818],
			"to": [10, 4.78678, 7.53818],
			"rotation": {"angle": 0, "axis": "y", "origin": [7, 3.28678, 5.03818]},
			"faces": {
				"north": {"uv": [10.25, 11.75, 11.25, 12.75], "texture": "#0"},
				"east": {"uv": [12, 1, 13, 2], "texture": "#0"},
				"south": {"uv": [8.25, 12, 9.25, 13], "texture": "#0"},
				"west": {"uv": [9.25, 12, 10.25, 13], "texture": "#0"},
				"up": {"uv": [12.25, 13, 11.25, 12], "texture": "#0"},
				"down": {"uv": [13.25, 2, 12.25, 3], "texture": "#0"}
			}
		},
		{
			"from": [5.8, 0.58678, 3.33818],
			"to": [10.2, 4.98678, 7.73818],
			"rotation": {"angle": 0, "axis": "y", "origin": [-1, 3.28678, -1.96182]},
			"faces": {
				"north": {"uv": [14, 11.75, 15, 12.75], "texture": "#0"},
				"east": {"uv": [14, 7.75, 15, 8.75], "texture": "#0"},
				"south": {"uv": [14, 9.75, 15, 10.75], "texture": "#0"},
				"west": {"uv": [14, 10.75, 15, 11.75], "texture": "#0"},
				"up": {"uv": [15, 13.75, 14, 12.75], "texture": "#0"},
				"down": {"uv": [15, 8.75, 14, 9.75], "texture": "#0"}
			}
		},
		{
			"from": [5.5, 3.86917, 3.6513],
			"to": [10.5, 7.86917, 8.6513],
			"rotation": {"angle": 22.5, "axis": "x", "origin": [8, 5.86917, 6.1513]},
			"faces": {
				"north": {"uv": [11.5, 0, 12.75, 1], "texture": "#0"},
				"east": {"uv": [4.5, 11.75, 5.75, 12.75], "texture": "#0"},
				"south": {"uv": [5.75, 11.75, 7, 12.75], "texture": "#0"},
				"west": {"uv": [11.75, 5.75, 13, 6.75], "texture": "#0"},
				"up": {"uv": [7.5, 3.5, 6.25, 2.25], "texture": "#0"},
				"down": {"uv": [11, 1.75, 9.75, 3], "texture": "#0"}
			}
		},
		{
			"from": [3.5, 3, 6],
			"to": [5.5, 7, 8],
			"rotation": {"angle": 45, "axis": "x", "origin": [12, 6, 5]},
			"faces": {
				"north": {"uv": [4, 4.25, 3.5, 5.25], "texture": "#0"},
				"east": {"uv": [2.5, 11.5, 2, 12.5], "texture": "#0"},
				"south": {"uv": [8.25, 4, 7.75, 5], "texture": "#0"},
				"west": {"uv": [3.5, 6.25, 3, 7.25], "texture": "#0"},
				"up": {"uv": [8.25, 2.25, 8.75, 1.75], "texture": "#0"},
				"down": {"uv": [8.75, 3.5, 9.25, 4], "texture": "#0"}
			}
		},
		{
			"from": [4.25, 6.47029, 5.82331],
			"to": [11.75, 8.47029, 7.82331],
			"rotation": {"angle": -22.5, "axis": "x", "origin": [8, 7.47029, 6.82331]},
			"faces": {
				"north": {"uv": [12.75, 0, 14.75, 0.5], "texture": "#0"},
				"east": {"uv": [10.25, 1.25, 10.75, 1.75], "texture": "#0"},
				"south": {"uv": [12.75, 0.5, 14.75, 1], "texture": "#0"},
				"west": {"uv": [2.5, 10.25, 3, 10.75], "texture": "#0"},
				"up": {"uv": [5, 13.25, 3, 12.75], "texture": "#0"},
				"down": {"uv": [14.75, 4, 12.75, 4.5], "texture": "#0"}
			}
		},
		{
			"from": [4.06066, 7.35355, 5.075],
			"to": [7.06066, 10.35355, 8.075],
			"rotation": {"angle": -22.5, "axis": "z", "origin": [5.56066, 8.60355, 6.825]},
			"faces": {
				"north": {"uv": [14, 3, 13.25, 3.75], "texture": "#0"},
				"east": {"uv": [14, 7.25, 13.25, 8], "texture": "#0"},
				"south": {"uv": [14, 6.5, 13.25, 7.25], "texture": "#0"},
				"west": {"uv": [4.5, 13.25, 3.75, 14], "texture": "#0"},
				"up": {"uv": [13.25, 8.75, 14, 8], "texture": "#0"},
				"down": {"uv": [13.25, 8.75, 14, 9.5], "texture": "#0"}
			}
		},
		{
			"from": [4.5, 7.75699, 12.4358],
			"to": [11.5, 15.75699, 20.4358],
			"rotation": {"angle": -22.5, "axis": "x", "origin": [0, -9.77164, 20.14805]},
			"faces": {
				"north": {"uv": [4, 3.5, 5.75, 5.5], "texture": "#0"},
				"east": {"uv": [0, 2.25, 2, 4.25], "texture": "#0"},
				"south": {"uv": [0, 4.25, 1.75, 6.25], "texture": "#0"},
				"west": {"uv": [2, 2.25, 4, 4.25], "texture": "#0"},
				"up": {"uv": [3.5, 6.25, 1.75, 4.25], "texture": "#0"},
				"down": {"uv": [5.25, 5.5, 3.5, 7.5], "texture": "#0"}
			}
		},
		{
			"from": [5.5, 12.74905, 4.83853],
			"to": [10.5, 12.74905, 9.83853],
			"rotation": {"angle": 0, "axis": "y", "origin": [8, 13.24905, 7.33853]},
			"faces": {
				"north": {"uv": [0, 0, 1.25, 0], "texture": "#0"},
				"east": {"uv": [0, 0, 1.25, 0], "texture": "#0"},
				"south": {"uv": [0, 0, 1.25, 0], "texture": "#0"},
				"west": {"uv": [0, 0, 1.25, 0], "texture": "#0"},
				"up": {"uv": [11.5, 1.25, 10.25, 0], "texture": "#0"},
				"down": {"uv": [11.5, 0, 10.25, 1.25], "texture": "#0"}
			}
		},
		{
			"from": [5.5, 13.37938, 5.66965],
			"to": [10.5, 13.37938, 10.66965],
			"rotation": {"angle": 22.5, "axis": "x", "origin": [8, 15.15438, 8.66965]},
			"faces": {
				"north": {"uv": [0, 0, 1.25, 0], "texture": "#0"},
				"east": {"uv": [0, 0, 1.25, 0], "texture": "#0"},
				"south": {"uv": [0, 0, 1.25, 0], "texture": "#0"},
				"west": {"uv": [0, 0, 1.25, 0], "texture": "#0"},
				"up": {"uv": [11.25, 8.75, 10, 7.5], "texture": "#0"},
				"down": {"uv": [11.25, 7.5, 10, 8.75], "texture": "#0"}
			}
		},
		{
			"from": [2.88268, 6.43852, 8.65525],
			"to": [5.88268, 15.43852, 11.65525],
			"rotation": {"angle": -22.5, "axis": "z", "origin": [2.38268, 12.43852, 10.65525]},
			"faces": {
				"north": {"uv": [5.75, 9.5, 5, 11.75], "texture": "#0"},
				"east": {"uv": [6, 7.25, 5.25, 9.5], "texture": "#0"},
				"south": {"uv": [6.5, 9.5, 5.75, 11.75], "texture": "#0"},
				"west": {"uv": [8.25, 0, 7.25, 2.25], "texture": "#0"},
				"up": {"uv": [9.25, 14, 10, 13.25], "texture": "#0"},
				"down": {"uv": [11.25, 13.25, 12, 14], "texture": "#0"}
			}
		},
		{
			"from": [-0.11732, 6.43852, 8.65525],
			"to": [2.88268, 15.43852, 11.65525],
			"rotation": {"angle": -22.5, "axis": "z", "origin": [2.38268, 12.43852, 10.65525]},
			"faces": {
				"north": {"uv": [7.25, 9.5, 6.5, 11.75], "texture": "#0"},
				"east": {"uv": [7.25, 7.25, 6.25, 9.5], "texture": "#0"},
				"south": {"uv": [9.5, 9.75, 8.75, 12], "texture": "#0"},
				"west": {"uv": [8, 5.25, 7.25, 7.5], "texture": "#0"},
				"up": {"uv": [13.25, 3, 14, 2.25], "texture": "#0"},
				"down": {"uv": [3, 13.5, 3.75, 14.25], "texture": "#0"}
			}
		},
		{
			"from": [13.11732, 6.43852, 8.65525],
			"to": [16.11732, 15.43852, 11.65525],
			"rotation": {"angle": 22.5, "axis": "z", "origin": [13.61732, 12.43852, 10.65525]},
			"faces": {
				"north": {"uv": [6.5, 9.5, 7.25, 11.75], "texture": "#0"},
				"east": {"uv": [7.25, 5.25, 8, 7.5], "texture": "#0"},
				"south": {"uv": [8.75, 9.75, 9.5, 12], "texture": "#0"},
				"west": {"uv": [6.25, 7.25, 7.25, 9.5], "texture": "#0"},
				"up": {"uv": [14, 3, 13.25, 2.25], "texture": "#0"},
				"down": {"uv": [3.75, 13.5, 3, 14.25], "texture": "#0"}
			}
		},
		{
			"from": [10.11732, 6.43852, 8.65525],
			"to": [13.11732, 15.43852, 11.65525],
			"rotation": {"angle": 22.5, "axis": "z", "origin": [13.61732, 12.43852, 10.65525]},
			"faces": {
				"north": {"uv": [5, 9.5, 5.75, 11.75], "texture": "#0"},
				"east": {"uv": [7.25, 0, 8.25, 2.25], "texture": "#0"},
				"south": {"uv": [5.75, 9.5, 6.5, 11.75], "texture": "#0"},
				"west": {"uv": [5.25, 7.25, 6, 9.5], "texture": "#0"},
				"up": {"uv": [10, 14, 9.25, 13.25], "texture": "#0"},
				"down": {"uv": [12, 13.25, 11.25, 14], "texture": "#0"}
			}
		},
		{
			"from": [8.93934, 7.35355, 5.075],
			"to": [11.93934, 10.35355, 8.075],
			"rotation": {"angle": 22.5, "axis": "z", "origin": [10.43934, 8.60355, 6.825]},
			"faces": {
				"north": {"uv": [13.25, 3, 14, 3.75], "texture": "#0"},
				"east": {"uv": [3.75, 13.25, 4.5, 14], "texture": "#0"},
				"south": {"uv": [13.25, 6.5, 14, 7.25], "texture": "#0"},
				"west": {"uv": [13.25, 7.25, 14, 8], "texture": "#0"},
				"up": {"uv": [14, 8.75, 13.25, 8], "texture": "#0"},
				"down": {"uv": [14, 8.75, 13.25, 9.5], "texture": "#0"}
			}
		},
		{
			"from": [-7, 1, -7.25],
			"to": [7, 16, 6.75],
			"rotation": {"angle": 0, "axis": "y", "origin": [0, 1, 8]},
			"faces": {
				"north": {"uv": [11.75, 14.25, 13.5, 16], "texture": "#0"},
				"east": {"uv": [11.75, 14.25, 13.5, 16], "texture": "#0"},
				"south": {"uv": [11.75, 14.25, 13.5, 16], "texture": "#0"},
				"west": {"uv": [11.75, 14.25, 13.5, 16], "texture": "#0"},
				"up": {"uv": [11.75, 14.25, 13.5, 15.75], "texture": "#0"},
				"down": {"uv": [11.75, 14.25, 13.5, 15.75], "texture": "#0"}
			}
		}
	],
	"display": {
		"thirdperson_righthand": {
			"rotation": [43, 0, 0],
			"translation": [0, 0, -0.5],
			"scale": [0.7, 0.7, 0.7]
		},
		"thirdperson_lefthand": {
			"rotation": [43, 0, 0],
			"translation": [0, 0, -0.5],
			"scale": [0.7, 0.7, 0.7]
		},
		"firstperson_righthand": {
			"rotation": [-75, 115, 66],
			"translation": [0.25, 3.5, 0],
			"scale": [0.55, 0.55, 0.55]
		},
		"firstperson_lefthand": {
			"rotation": [-75, 115, 66],
			"translation": [0.25, 3.5, 0],
			"scale": [0.55, 0.55, 0.55]
		},
		"ground": {
			"rotation": [50, 0, 0],
			"translation": [0, 4.75, 0],
			"scale": [0.65, 0.65, 0.65]
		},
		"gui": {
			"rotation": [-8, 135, 8],
			"translation": [-0.75, -0.75, 0],
			"scale": [0.7, 0.7, 0.7]
		},
		"head": {
			"rotation": [22, 0, 0],
			"translation": [0, -0.75, -2],
			"scale": [0.37, 0.37, 0.37]
		},
		"fixed": {
			"translation": [0, -2, -5.25],
			"scale": [1.54, 1.54, 1.54]
		}
	},
	"groups": [
		{
			"name": "bs_cc_elephant",
			"origin": [0, 1, 8],
			"color": 0,
			"children": [
				{
					"name": "body",
					"origin": [0, 8, -2],
					"color": 0,
					"children": [
						{
							"name": "tail",
							"origin": [0, 10.99302, 6.00698],
							"color": 0,
							"children": []
						},
						{
							"name": "right_front",
							"origin": [3, 6, -2],
							"color": 0,
							"children": []
						},
						{
							"name": "right_back",
							"origin": [3, 7, 5],
							"color": 0,
							"children": []
						},
						{
							"name": "left_back",
							"origin": [-3, 7, 5],
							"color": 0,
							"children": []
						},
						{
							"name": "left_front",
							"origin": [-3, 6, -2],
							"color": 0,
							"children": []
						}
					]
				},
				{
					"name": "head",
					"origin": [0, 9.19582, -2.49448],
					"color": 0,
					"children": [
						0,
						{
							"name": "trunk",
							"origin": [0, 7.86917, -7.8487],
							"color": 0,
							"children": [
								{
									"name": "trunk2",
									"origin": [0, 4.78678, -7.46182],
									"color": 0,
									"children": [1, 2]
								},
								3
							]
						},
						4,
						5,
						6,
						7,
						8,
						9,
						{
							"name": "left_ear",
							"origin": [-2.7294, 12.86136, -2.84475],
							"color": 0,
							"children": [10, 11]
						},
						{
							"name": "right_ear",
							"origin": [2.7294, 12.86136, -2.84475],
							"color": 0,
							"children": [12, 13]
						},
						14
					]
				}
			]
		},
		{
			"name": "hitbox",
			"origin": [0, 1, 8],
			"color": 0,
			"children": [15]
		}
	]
}