{
	"credit": "Made by ManningDesign",
	"textures": {
		"0": "custom/bs_cc_rhino_texture"
	},
	"elements": [
		{
			"from": [3.5, 9.75, 9.525],
			"to": [6.5, 15.75, 10.525],
			"rotation": {"angle": 22.5, "axis": "z", "origin": [4.5, 14.25, 9.775]},
			"faces": {
				"north": {"uv": [9.5, 0, 10.25, 1.5], "texture": "#0"},
				"east": {"uv": [3.5, 11.25, 3.75, 12.75], "texture": "#0"},
				"south": {"uv": [4, 9.5, 4.75, 11], "texture": "#0"},
				"west": {"uv": [3.75, 11.25, 4, 12.75], "texture": "#0"},
				"up": {"uv": [8.25, 4.25, 7.5, 4], "texture": "#0"},
				"down": {"uv": [9.75, 3.75, 9, 4], "texture": "#0"}
			}
		},
		{
			"from": [3.5, 11.75, 8.525],
			"to": [3.5, 15.75, 9.525],
			"rotation": {"angle": 22.5, "axis": "z", "origin": [4.5, 14.25, 9.775]},
			"faces": {
				"north": {"uv": [0, 0, 0, 1], "texture": "#0"},
				"east": {"uv": [1, 7.75, 1.25, 8.75], "texture": "#0"},
				"south": {"uv": [0, 0, 0, 1], "texture": "#0"},
				"west": {"uv": [6.75, 7.75, 7, 8.75], "texture": "#0"},
				"up": {"uv": [0, 0.25, 0, 0], "texture": "#0"},
				"down": {"uv": [0, 0, 0, 0.25], "texture": "#0"}
			}
		},
		{
			"from": [3.5, 15.75, 8.525],
			"to": [6.5, 15.75, 9.525],
			"rotation": {"angle": 22.5, "axis": "z", "origin": [4.5, 14.25, 9.775]},
			"faces": {
				"north": {"uv": [0, 0, 0.75, 0], "texture": "#0"},
				"east": {"uv": [0, 0, 0.25, 0], "texture": "#0"},
				"south": {"uv": [0, 0, 0.75, 0], "texture": "#0"},
				"west": {"uv": [0, 0, 0.25, 0], "texture": "#0"},
				"up": {"uv": [10.75, 3.75, 10, 3.5], "texture": "#0"},
				"down": {"uv": [12.25, 1.25, 11.5, 1.5], "texture": "#0"}
			}
		},
		{
			"from": [6.5, 10.75, 8.525],
			"to": [6.5, 15.75, 9.525],
			"rotation": {"angle": 22.5, "axis": "z", "origin": [4.5, 14.25, 9.775]},
			"faces": {
				"north": {"uv": [0, 0, 0, 1.25], "texture": "#0"},
				"east": {"uv": [5.75, 6.5, 6, 7.75], "texture": "#0"},
				"south": {"uv": [0, 0, 0, 1.25], "texture": "#0"},
				"west": {"uv": [6, 6.5, 6.25, 7.75], "texture": "#0"},
				"up": {"uv": [0, 0.25, 0, 0], "texture": "#0"},
				"down": {"uv": [0, 0, 0, 0.25], "texture": "#0"}
			}
		},
		{
			"from": [12.5, 11.75, 8.525],
			"to": [12.5, 15.75, 9.525],
			"rotation": {"angle": -22.5, "axis": "z", "origin": [11.5, 14.25, 9.775]},
			"faces": {
				"north": {"uv": [0, 0, 0, 1], "texture": "#0"},
				"east": {"uv": [7, 7.75, 7.25, 8.75], "texture": "#0"},
				"south": {"uv": [0, 0, 0, 1], "texture": "#0"},
				"west": {"uv": [9.25, 7.5, 9.5, 8.5], "texture": "#0"},
				"up": {"uv": [0, 0.25, 0, 0], "texture": "#0"},
				"down": {"uv": [0, 0, 0, 0.25], "texture": "#0"}
			}
		},
		{
			"from": [9.5, 9.75, 9.525],
			"to": [12.5, 15.75, 10.525],
			"rotation": {"angle": -22.5, "axis": "z", "origin": [11.5, 14.25, 9.775]},
			"faces": {
				"north": {"uv": [9.75, 7.5, 10.5, 9], "texture": "#0"},
				"east": {"uv": [0, 11.5, 0.25, 13], "texture": "#0"},
				"south": {"uv": [9.75, 9, 10.5, 10.5], "texture": "#0"},
				"west": {"uv": [0.25, 11.5, 0.5, 13], "texture": "#0"},
				"up": {"uv": [12.25, 1.75, 11.5, 1.5], "texture": "#0"},
				"down": {"uv": [12.25, 1.75, 11.5, 2], "texture": "#0"}
			}
		},
		{
			"from": [9.5, 10.75, 8.525],
			"to": [9.5, 15.75, 9.525],
			"rotation": {"angle": -22.5, "axis": "z", "origin": [11.5, 14.25, 9.775]},
			"faces": {
				"north": {"uv": [0, 0, 0, 1.25], "texture": "#0"},
				"east": {"uv": [5.25, 8, 5.5, 9.25], "texture": "#0"},
				"south": {"uv": [0, 0, 0, 1.25], "texture": "#0"},
				"west": {"uv": [5.5, 8, 5.75, 9.25], "texture": "#0"},
				"up": {"uv": [0, 0.25, 0, 0], "texture": "#0"},
				"down": {"uv": [0, 0, 0, 0.25], "texture": "#0"}
			}
		},
		{
			"from": [9.5, 15.75, 8.525],
			"to": [12.5, 15.75, 9.525],
			"rotation": {"angle": -22.5, "axis": "z", "origin": [11.5, 14.25, 9.775]},
			"faces": {
				"north": {"uv": [0, 0, 0.75, 0], "texture": "#0"},
				"east": {"uv": [0, 0, 0.25, 0], "texture": "#0"},
				"south": {"uv": [0, 0, 0.75, 0], "texture": "#0"},
				"west": {"uv": [0, 0, 0.25, 0], "texture": "#0"},
				"up": {"uv": [12.25, 3.25, 11.5, 3], "texture": "#0"},
				"down": {"uv": [12.25, 3.25, 11.5, 3.5], "texture": "#0"}
			}
		},
		{
			"from": [5, 8.50699, 14.9358],
			"to": [11, 15.50699, 19.9358],
			"rotation": {"angle": -22.5, "axis": "x", "origin": [0, -10.02164, 19.64805]},
			"faces": {
				"north": {"uv": [2, 4.25, 3.5, 6], "texture": "#0"},
				"east": {"uv": [5, 4.75, 6.25, 6.5], "texture": "#0"},
				"south": {"uv": [3.5, 4.25, 5, 6], "texture": "#0"},
				"west": {"uv": [0, 6, 1.25, 7.75], "texture": "#0"},
				"up": {"uv": [7.5, 1.25, 6, 0], "texture": "#0"},
				"down": {"uv": [2.75, 6, 1.25, 7.25], "texture": "#0"}
			}
		},
		{
			"from": [4.75, 7.39529, 7.17331],
			"to": [11.25, 9.19529, 8.97331],
			"rotation": {"angle": -22.5, "axis": "x", "origin": [8, 8.79529, 8.07331]},
			"faces": {
				"north": {"uv": [10.5, 2, 12.25, 2.5], "texture": "#0"},
				"east": {"uv": [6, 1.25, 6.5, 1.75], "texture": "#0"},
				"south": {"uv": [10.75, 3.5, 12.5, 4], "texture": "#0"},
				"west": {"uv": [6.5, 4.25, 7, 4.75], "texture": "#0"},
				"up": {"uv": [12.5, 4.5, 10.75, 4], "texture": "#0"},
				"down": {"uv": [12.75, 2.5, 11, 3], "texture": "#0"}
			}
		},
		{
			"from": [8.43934, 8.42855, 6.575],
			"to": [11.43934, 11.42855, 9.575],
			"rotation": {"angle": 22.5, "axis": "z", "origin": [10.43934, 9.67855, 8.075]},
			"faces": {
				"north": {"uv": [4, 11, 4.75, 11.75], "texture": "#0"},
				"east": {"uv": [7.75, 11, 8.5, 11.75], "texture": "#0"},
				"south": {"uv": [8.5, 11, 9.25, 11.75], "texture": "#0"},
				"west": {"uv": [10, 11, 10.75, 11.75], "texture": "#0"},
				"up": {"uv": [11.5, 11.75, 10.75, 11], "texture": "#0"},
				"down": {"uv": [12, 0, 11.25, 0.75], "texture": "#0"}
			}
		},
		{
			"from": [5, 8.50699, 10.9358],
			"to": [11, 14.50699, 14.9358],
			"rotation": {"angle": -22.5, "axis": "x", "origin": [0, -10.02164, 19.64805]},
			"faces": {
				"north": {"uv": [5, 1.75, 6.5, 3.25], "texture": "#0"},
				"east": {"uv": [5.75, 7.75, 6.75, 9.25], "texture": "#0"},
				"south": {"uv": [5, 3.25, 6.5, 4.75], "texture": "#0"},
				"west": {"uv": [4.25, 8, 5.25, 9.5], "texture": "#0"},
				"up": {"uv": [9, 4, 7.5, 3], "texture": "#0"},
				"down": {"uv": [9.75, 4, 8.25, 5], "texture": "#0"}
			}
		},
		{
			"from": [4.56066, 8.42855, 6.575],
			"to": [7.56066, 11.42855, 9.575],
			"rotation": {"angle": -22.5, "axis": "z", "origin": [5.56066, 9.67855, 8.075]},
			"faces": {
				"north": {"uv": [2, 11.25, 2.75, 12], "texture": "#0"},
				"east": {"uv": [2.75, 11.25, 3.5, 12], "texture": "#0"},
				"south": {"uv": [11.25, 4.5, 12, 5.25], "texture": "#0"},
				"west": {"uv": [11.25, 5.25, 12, 6], "texture": "#0"},
				"up": {"uv": [12, 6.75, 11.25, 6], "texture": "#0"},
				"down": {"uv": [12, 9.75, 11.25, 10.5], "texture": "#0"}
			}
		},
		{
			"from": [6, 8.61238, 1.25348],
			"to": [10, 11.61238, 5.25348],
			"rotation": {"angle": -45, "axis": "x", "origin": [8, 10.11238, 3.75348]},
			"faces": {
				"north": {"uv": [4, 1.75, 5, 2.5], "texture": "#0"},
				"east": {"uv": [1, 11, 2, 11.75], "texture": "#0"},
				"south": {"uv": [5.75, 11, 6.75, 11.75], "texture": "#0"},
				"west": {"uv": [6.75, 11, 7.75, 11.75], "texture": "#0"},
				"up": {"uv": [5.75, 11.5, 4.75, 10.5], "texture": "#0"},
				"down": {"uv": [11.5, 6.75, 10.5, 7.75], "texture": "#0"}
			}
		},
		{
			"from": [4.30395, 6.49814, 2.39832],
			"to": [6.30395, 8.49814, 4.39832],
			"rotation": {"angle": 45, "axis": "y", "origin": [5.30395, 7.49814, 3.39832]},
			"faces": {
				"north": {"uv": [4.25, 7.5, 4.75, 8], "texture": "#0"},
				"east": {"uv": [8.5, 2.5, 9, 3], "texture": "#0"},
				"south": {"uv": [6.25, 9.25, 6.75, 9.75], "texture": "#0"},
				"west": {"uv": [4.75, 9.5, 5.25, 10], "texture": "#0"},
				"up": {"uv": [5.25, 10.5, 4.75, 10], "texture": "#0"},
				"down": {"uv": [9.75, 10, 9.25, 10.5], "texture": "#0"}
			}
		},
		{
			"from": [9.69605, 6.49814, 2.39832],
			"to": [11.69605, 8.49814, 4.39832],
			"rotation": {"angle": -45, "axis": "y", "origin": [10.69605, 7.49814, 3.39832]},
			"faces": {
				"north": {"uv": [5.75, 10.5, 6.25, 11], "texture": "#0"},
				"east": {"uv": [10, 10.5, 10.5, 11], "texture": "#0"},
				"south": {"uv": [11, 3, 11.5, 3.5], "texture": "#0"},
				"west": {"uv": [11.25, 10.5, 11.75, 11], "texture": "#0"},
				"up": {"uv": [1, 12, 0.5, 11.5], "texture": "#0"},
				"down": {"uv": [12, 0.75, 11.5, 1.25], "texture": "#0"}
			}
		}
	],
	"display": {
		"thirdperson_righthand": {
			"rotation": [43, 0, 0],
			"translation": [0, 0, -0.5],
			"scale": [0.7, 0.7, 0.7]
		},
		"thirdperson_lefthand": {
			"rotation": [43, 0, 0],
			"translation": [0, 0, -0.5],
			"scale": [0.7, 0.7, 0.7]
		},
		"firstperson_righthand": {
			"rotation": [-75, 115, 66],
			"translation": [0.25, 3.5, 0],
			"scale": [0.55, 0.55, 0.55]
		},
		"firstperson_lefthand": {
			"rotation": [-75, 115, 66],
			"translation": [0.25, 3.5, 0],
			"scale": [0.55, 0.55, 0.55]
		},
		"ground": {
			"rotation": [50, 0, 0],
			"translation": [0, 4.75, 0],
			"scale": [0.65, 0.65, 0.65]
		},
		"gui": {
			"rotation": [-8, 135, 8],
			"translation": [0.25, -1.75, 0],
			"scale": [0.88, 0.88, 0.88]
		},
		"head": {
			"rotation": [22, 0, 0],
			"translation": [0, -0.75, -2],
			"scale": [0.37, 0.37, 0.37]
		},
		"fixed": {
			"translation": [0, -2, -5.25],
			"scale": [1.54, 1.54, 1.54]
		}
	},
	"groups": [
		{
			"name": "bs_cc_rhino",
			"origin": [0, 1, 8],
			"color": 0,
			"children": [
				{
					"name": "body",
					"origin": [0, 8, -2],
					"color": 0,
					"children": [
						{
							"name": "tail",
							"origin": [0, 9.99302, 6.00698],
							"color": 0,
							"children": []
						},
						{
							"name": "right_front",
							"origin": [3, 6, -3],
							"color": 0,
							"children": []
						},
						{
							"name": "right_back",
							"origin": [3, 7, 5],
							"color": 0,
							"children": []
						},
						{
							"name": "left_back",
							"origin": [-3, 7, 5],
							"color": 0,
							"children": []
						},
						{
							"name": "left_front",
							"origin": [-3, 6, -3],
							"color": 0,
							"children": []
						}
					]
				},
				{
					"name": "head",
					"origin": [0, 8.19582, -3.49448],
					"color": 0,
					"children": [
						{
							"name": "left_ear",
							"origin": [-1.7294, 11.86136, -3.84475],
							"color": 0,
							"children": [0, 1, 2, 3]
						},
						{
							"name": "right_ear",
							"origin": [1.7294, 11.86136, -2.84475],
							"color": 0,
							"children": [4, 5, 6, 7]
						},
						8,
						9,
						10,
						11,
						12,
						13,
						14,
						15
					]
				},
				{
					"name": "hitbox",
					"origin": [0, 1, 8],
					"color": 0,
					"children": []
				}
			]
		}
	]
}