{
	"credit": "Made by ManningDesign",
	"textures": {
		"0": "custom/bs_cc_hippo_texture"
	},
	"elements": [
		{
			"from": [4.5, 12.5, 10.25],
			"to": [5.5, 15.5, 13.25],
			"rotation": {"angle": 45, "axis": "x", "origin": [6, 13, 11]},
			"faces": {
				"north": {"uv": [5.75, 3.5, 6, 4.25], "texture": "#0"},
				"east": {"uv": [4.5, 11.5, 5.25, 12.25], "texture": "#0"},
				"south": {"uv": [6, 1, 6.25, 1.75], "texture": "#0"},
				"west": {"uv": [9, 11.5, 9.75, 12.25], "texture": "#0"},
				"up": {"uv": [8.25, 0.75, 8, 0], "texture": "#0"},
				"down": {"uv": [9.25, 9.75, 9, 10.5], "texture": "#0"}
			}
		},
		{
			"from": [3.5, 12.5, 10.25],
			"to": [4.5, 15.5, 10.25],
			"rotation": {"angle": 45, "axis": "x", "origin": [6, 13, 11]},
			"faces": {
				"north": {"uv": [7.25, 11.75, 7.5, 12.5], "texture": "#0"},
				"east": {"uv": [0, 0, 0, 0.75], "texture": "#0"},
				"south": {"uv": [11.75, 11.75, 12, 12.5], "texture": "#0"},
				"west": {"uv": [0, 0, 0, 0.75], "texture": "#0"},
				"up": {"uv": [0.25, 0, 0, 0], "texture": "#0"},
				"down": {"uv": [0.25, 0, 0, 0], "texture": "#0"}
			}
		},
		{
			"from": [3.5, 15.5, 10.25],
			"to": [4.5, 15.5, 13.25],
			"rotation": {"angle": 45, "axis": "x", "origin": [6, 13, 11]},
			"faces": {
				"north": {"uv": [0, 0, 0.25, 0], "texture": "#0"},
				"east": {"uv": [0, 0, 0.75, 0], "texture": "#0"},
				"south": {"uv": [0, 0, 0.25, 0], "texture": "#0"},
				"west": {"uv": [0, 0, 0.75, 0], "texture": "#0"},
				"up": {"uv": [0.25, 12.75, 0, 12], "texture": "#0"},
				"down": {"uv": [0.5, 12, 0.25, 12.75], "texture": "#0"}
			}
		},
		{
			"from": [3.5, 13.5, 13.25],
			"to": [4.5, 15.5, 13.25],
			"rotation": {"angle": 45, "axis": "x", "origin": [6, 13, 11]},
			"faces": {
				"north": {"uv": [8, 9.25, 8.25, 9.75], "texture": "#0"},
				"east": {"uv": [0, 0, 0, 0.5], "texture": "#0"},
				"south": {"uv": [12, 1, 12.25, 1.5], "texture": "#0"},
				"west": {"uv": [0, 0, 0, 0.5], "texture": "#0"},
				"up": {"uv": [0.25, 0, 0, 0], "texture": "#0"},
				"down": {"uv": [0.25, 0, 0, 0], "texture": "#0"}
			}
		},
		{
			"from": [11.5, 13.5, 13.25],
			"to": [12.5, 15.5, 13.25],
			"rotation": {"angle": 45, "axis": "x", "origin": [10, 13, 11]},
			"faces": {
				"north": {"uv": [7.75, 12, 8, 12.5], "texture": "#0"},
				"east": {"uv": [0, 0, 0, 0.5], "texture": "#0"},
				"south": {"uv": [8, 12, 8.25, 12.5], "texture": "#0"},
				"west": {"uv": [0, 0, 0, 0.5], "texture": "#0"},
				"up": {"uv": [0.25, 0, 0, 0], "texture": "#0"},
				"down": {"uv": [0.25, 0, 0, 0], "texture": "#0"}
			}
		},
		{
			"from": [11.5, 15.5, 10.25],
			"to": [12.5, 15.5, 13.25],
			"rotation": {"angle": 45, "axis": "x", "origin": [10, 13, 11]},
			"faces": {
				"north": {"uv": [0, 0, 0.25, 0], "texture": "#0"},
				"east": {"uv": [0, 0, 0.75, 0], "texture": "#0"},
				"south": {"uv": [0, 0, 0.25, 0], "texture": "#0"},
				"west": {"uv": [0, 0, 0.75, 0], "texture": "#0"},
				"up": {"uv": [12.25, 8, 12, 7.25], "texture": "#0"},
				"down": {"uv": [7.75, 12, 7.5, 12.75], "texture": "#0"}
			}
		},
		{
			"from": [11.5, 12.5, 10.25],
			"to": [12.5, 15.5, 10.25],
			"rotation": {"angle": 45, "axis": "x", "origin": [10, 13, 11]},
			"faces": {
				"north": {"uv": [4.25, 12, 4.5, 12.75], "texture": "#0"},
				"east": {"uv": [0, 0, 0, 0.75], "texture": "#0"},
				"south": {"uv": [12, 6.5, 12.25, 7.25], "texture": "#0"},
				"west": {"uv": [0, 0, 0, 0.75], "texture": "#0"},
				"up": {"uv": [0.25, 0, 0, 0], "texture": "#0"},
				"down": {"uv": [0.25, 0, 0, 0], "texture": "#0"}
			}
		},
		{
			"from": [10.5, 12.5, 10.25],
			"to": [11.5, 15.5, 13.25],
			"rotation": {"angle": 45, "axis": "x", "origin": [10, 13, 11]},
			"faces": {
				"north": {"uv": [0.5, 12, 0.75, 12.75], "texture": "#0"},
				"east": {"uv": [11.75, 0, 12.5, 0.75], "texture": "#0"},
				"south": {"uv": [0.75, 12, 1, 12.75], "texture": "#0"},
				"west": {"uv": [11.75, 2.25, 12.5, 3], "texture": "#0"},
				"up": {"uv": [4, 12.75, 3.75, 12], "texture": "#0"},
				"down": {"uv": [4.25, 12, 4, 12.75], "texture": "#0"}
			}
		},
		{
			"from": [5, 8.50699, 15.9358],
			"to": [11, 15.50699, 20.9358],
			"rotation": {"angle": -22.5, "axis": "x", "origin": [0, -10.02164, 20.64805]},
			"faces": {
				"north": {"uv": [4.5, 0, 6, 1.75], "texture": "#0"},
				"east": {"uv": [5, 1.75, 6.25, 3.5], "texture": "#0"},
				"south": {"uv": [4.5, 4.25, 6, 6], "texture": "#0"},
				"west": {"uv": [0, 6, 1.25, 7.75], "texture": "#0"},
				"up": {"uv": [7.5, 5.75, 6, 4.5], "texture": "#0"},
				"down": {"uv": [6.75, 6, 5.25, 7.25], "texture": "#0"}
			}
		},
		{
			"from": [4.75, 7.64529, 8.17331],
			"to": [11.25, 9.44529, 9.97331],
			"rotation": {"angle": -22.5, "axis": "x", "origin": [8, 9.04529, 9.07331]},
			"faces": {
				"north": {"uv": [6.25, 2.75, 8, 3.25], "texture": "#0"},
				"east": {"uv": [4.5, 1.75, 5, 2.25], "texture": "#0"},
				"south": {"uv": [10.25, 1, 12, 1.5], "texture": "#0"},
				"west": {"uv": [7.75, 6.25, 8.25, 6.75], "texture": "#0"},
				"up": {"uv": [13, 5, 11.25, 4.5], "texture": "#0"},
				"down": {"uv": [13, 5, 11.25, 5.5], "texture": "#0"}
			}
		},
		{
			"from": [8.43934, 8.67855, 7.575],
			"to": [11.43934, 11.67855, 10.575],
			"rotation": {"angle": 22.5, "axis": "z", "origin": [10.43934, 9.92855, 9.075]},
			"faces": {
				"north": {"uv": [5, 3.5, 5.75, 4.25], "texture": "#0"},
				"east": {"uv": [8.25, 1.75, 9, 2.5], "texture": "#0"},
				"south": {"uv": [10, 2.5, 10.75, 3.25], "texture": "#0"},
				"west": {"uv": [3.75, 11.25, 4.5, 12], "texture": "#0"},
				"up": {"uv": [12, 7.25, 11.25, 6.5], "texture": "#0"},
				"down": {"uv": [12, 7.25, 11.25, 8], "texture": "#0"}
			}
		},
		{
			"from": [5, 10.1243, 15.01192],
			"to": [11, 14.1243, 16.01192],
			"rotation": {"angle": -22.5, "axis": "x", "origin": [0, -10.40432, 19.72417]},
			"faces": {
				"north": {"uv": [10.25, 0, 11.75, 1], "texture": "#0"},
				"east": {"uv": [7.5, 4.5, 7.75, 5.5], "texture": "#0"},
				"south": {"uv": [1, 10.25, 2.5, 11.25], "texture": "#0"},
				"west": {"uv": [1, 7.75, 1.25, 8.75], "texture": "#0"},
				"up": {"uv": [7.75, 3.5, 6.25, 3.25], "texture": "#0"},
				"down": {"uv": [13.25, 0.75, 11.75, 1], "texture": "#0"}
			}
		},
		{
			"from": [5, 8.50699, 11.9358],
			"to": [11, 10.50699, 15.9358],
			"rotation": {"angle": -22.5, "axis": "x", "origin": [0, -10.02164, 20.64805]},
			"faces": {
				"north": {"uv": [11.25, 5.5, 12.75, 6], "texture": "#0"},
				"east": {"uv": [11.25, 10.25, 12.25, 10.75], "texture": "#0"},
				"south": {"uv": [11.25, 6, 12.75, 6.5], "texture": "#0"},
				"west": {"uv": [11.75, 3, 12.75, 3.5], "texture": "#0"},
				"up": {"uv": [11.25, 5.75, 9.75, 4.75], "texture": "#0"},
				"down": {"uv": [11.5, 1.5, 10, 2.5], "texture": "#0"}
			}
		},
		{
			"from": [4, 10.50699, 10.9358],
			"to": [12, 14.50699, 14.9358],
			"rotation": {"angle": -22.5, "axis": "x", "origin": [0, -10.02164, 20.64805]},
			"faces": {
				"north": {"uv": [6, 0, 8, 1], "texture": "#0"},
				"east": {"uv": [1, 11.25, 2, 12.25], "texture": "#0"},
				"south": {"uv": [1.25, 6, 3.25, 7], "texture": "#0"},
				"west": {"uv": [2, 11.25, 3, 12.25], "texture": "#0"},
				"up": {"uv": [5.25, 7, 3.25, 6], "texture": "#0"},
				"down": {"uv": [8, 3.5, 6, 4.5], "texture": "#0"}
			}
		},
		{
			"from": [4.56066, 8.67855, 7.575],
			"to": [7.56066, 11.67855, 10.575],
			"rotation": {"angle": -22.5, "axis": "z", "origin": [5.56066, 9.92855, 9.075]},
			"faces": {
				"north": {"uv": [7.5, 11.25, 8.25, 12], "texture": "#0"},
				"east": {"uv": [11.25, 8, 12, 8.75], "texture": "#0"},
				"south": {"uv": [8.25, 11.25, 9, 12], "texture": "#0"},
				"west": {"uv": [11.25, 8.75, 12, 9.5], "texture": "#0"},
				"up": {"uv": [12, 10.25, 11.25, 9.5], "texture": "#0"},
				"down": {"uv": [12.25, 1.5, 11.5, 2.25], "texture": "#0"}
			}
		},
		{
			"from": [4.30395, 6.49814, 1.89832],
			"to": [7.30395, 8.49814, 4.89832],
			"rotation": {"angle": 45, "axis": "y", "origin": [5.30395, 7.49814, 4.39832]},
			"faces": {
				"north": {"uv": [12.5, 7.5, 13.25, 8], "texture": "#0"},
				"east": {"uv": [12.5, 8, 13.25, 8.5], "texture": "#0"},
				"south": {"uv": [11.75, 3.5, 12.25, 4], "texture": "#0"},
				"west": {"uv": [12.5, 9.25, 13.25, 9.75], "texture": "#0"},
				"up": {"uv": [13.25, 9.25, 12.5, 8.5], "texture": "#0"},
				"down": {"uv": [13.25, 9.75, 12.5, 10.5], "texture": "#0"}
			}
		},
		{
			"from": [8.69605, 6.49814, 1.89832],
			"to": [11.69605, 8.49814, 4.89832],
			"rotation": {"angle": -45, "axis": "y", "origin": [10.69605, 7.49814, 4.39832]},
			"faces": {
				"north": {"uv": [13.25, 7.5, 12.5, 8], "texture": "#0"},
				"east": {"uv": [13.25, 9.25, 12.5, 9.75], "texture": "#0"},
				"south": {"uv": [12.25, 3.5, 11.75, 4], "texture": "#0"},
				"west": {"uv": [13.25, 8, 12.5, 8.5], "texture": "#0"},
				"up": {"uv": [12.5, 9.25, 13.25, 8.5], "texture": "#0"},
				"down": {"uv": [12.5, 9.75, 13.25, 10.5], "texture": "#0"}
			}
		}
	],
	"display": {
		"thirdperson_righthand": {
			"rotation": [43, 0, 0],
			"translation": [0, 0, -0.5],
			"scale": [0.7, 0.7, 0.7]
		},
		"thirdperson_lefthand": {
			"rotation": [43, 0, 0],
			"translation": [0, 0, -0.5],
			"scale": [0.7, 0.7, 0.7]
		},
		"firstperson_righthand": {
			"rotation": [-75, 115, 66],
			"translation": [0.25, 3.5, 0],
			"scale": [0.55, 0.55, 0.55]
		},
		"firstperson_lefthand": {
			"rotation": [-75, 115, 66],
			"translation": [0.25, 3.5, 0],
			"scale": [0.55, 0.55, 0.55]
		},
		"ground": {
			"rotation": [50, 0, 0],
			"translation": [0, 4.75, 0],
			"scale": [0.65, 0.65, 0.65]
		},
		"gui": {
			"rotation": [-8, 135, 8],
			"translation": [-0.25, -0.75, 0],
			"scale": [0.81, 0.81, 0.81]
		},
		"head": {
			"rotation": [22, 0, 0],
			"translation": [0, -0.75, -2],
			"scale": [0.37, 0.37, 0.37]
		},
		"fixed": {
			"translation": [0, -2, -5.25],
			"scale": [1.54, 1.54, 1.54]
		}
	},
	"groups": [
		{
			"name": "bs_cc_hippo",
			"origin": [0, 1, 8],
			"color": 0,
			"children": [
				{
					"name": "body",
					"origin": [0, 8, -2],
					"color": 0,
					"children": [
						{
							"name": "tail",
							"origin": [0, 9.99302, 6.00698],
							"color": 0,
							"children": []
						},
						{
							"name": "right_front",
							"origin": [3, 6, -3],
							"color": 0,
							"children": []
						},
						{
							"name": "right_back",
							"origin": [3, 7, 5],
							"color": 0,
							"children": []
						},
						{
							"name": "left_back",
							"origin": [-3, 7, 5],
							"color": 0,
							"children": []
						},
						{
							"name": "left_front",
							"origin": [-3, 6, -3],
							"color": 0,
							"children": []
						}
					]
				},
				{
					"name": "head",
					"origin": [0, 8.19582, -3.49448],
					"color": 0,
					"children": [
						{
							"name": "left_ear",
							"origin": [-1.7294, 11.86136, -3.84475],
							"color": 0,
							"children": [0, 1, 2, 3]
						},
						{
							"name": "right_ear",
							"origin": [1.7294, 11.86136, -2.84475],
							"color": 0,
							"children": [4, 5, 6, 7]
						},
						8,
						9,
						10,
						11,
						12,
						13,
						14,
						15,
						16
					]
				},
				{
					"name": "hitbox",
					"origin": [0, 1, 8],
					"color": 0,
					"children": []
				}
			]
		}
	]
}