{"credit":"MadewithBlockbench","textures":{"0":"sombreros:hats/bunny_ears","particle":"sombreros:hats/bunny_ears"},"elements":[{"from":[3.5,0,7],"to":[12.5,5,9],"faces":{"north":{"uv":[0,10,9,15],"texture":"#0","tintindex":0},"east":{"uv":[7,0,9,5],"texture":"#0","tintindex":0},"south":{"uv":[0,10,9,15],"texture":"#0","tintindex":0},"west":{"uv":[7,0,9,5],"texture":"#0","tintindex":0},"up":{"uv":[0,8,9,10],"texture":"#0","tintindex":0}}},{"from":[4,5,7.3],"to":[7,13,8.3],"rotation":{"angle":-22.5,"axis":"y","origin":[5,5,8]},"faces":{"north":{"uv":[3,0,0,8],"texture":"#0","tintindex":0},"east":{"uv":[2,0,3,8],"texture":"#0","tintindex":0},"south":{"uv":[3,0,6,8],"texture":"#0","tintindex":0},"west":{"uv":[0,0,1,8],"texture":"#0","tintindex":0},"up":{"uv":[0,0,3,1],"rotation":180,"texture":"#0","tintindex":0},"down":{"uv":[0,7,3,8],"rotation":180,"texture":"#0","tintindex":0}}},{"from":[9,5,7.3],"to":[12,13,8.3],"rotation":{"angle":22.5,"axis":"y","origin":[11,5,8]},"faces":{"north":{"uv":[0,0,3,8],"texture":"#0","tintindex":0},"east":{"uv":[0,0,1,8],"texture":"#0","tintindex":0},"south":{"uv":[6,0,3,8],"texture":"#0","tintindex":0},"west":{"uv":[2,0,3,8],"texture":"#0","tintindex":0},"up":{"uv":[0,0,3,1],"rotation":180,"texture":"#0","tintindex":0},"down":{"uv":[0,7,3,8],"rotation":180,"texture":"#0","tintindex":0}}},{"from":[4.9,4.9,7.2],"to":[6.1,12.1,7.4],"rotation":{"angle":-22.5,"axis":"y","origin":[5,5,8]},"faces":{"north":{"uv":[7,0,6,7],"texture":"#0"}}},{"from":[9.9,4.9,7.2],"to":[11.1,12.1,7.4],"rotation":{"angle":22.5,"axis":"y","origin":[11,5,8]},"faces":{"north":{"uv":[6,0,7,7],"texture":"#0"}}},{"from":[0,-4,3.95],"to":[5,-1,3.95],"faces":{"north":{"uv":[16,0,11,3],"texture":"#0"},"south":{"uv":[11,0,16,3],"texture":"#0"}}},{"from":[11,-4,3.95],"to":[16,-1,3.95],"faces":{"north":{"uv":[11,0,16,3],"texture":"#0"},"south":{"uv":[16,0,11,3],"texture":"#0"}}}],"display":{"thirdperson_righthand":{"rotation":[45,45,0],"scale":[0.4,0.4,0.4]},"thirdperson_lefthand":{"rotation":[45,45,0],"scale":[0.4,0.4,0.4]},"firstperson_righthand":{"rotation":[0,133,0],"translation":[1.75,4,0]},"firstperson_lefthand":{"rotation":[0,133,0],"translation":[1.75,4,0]},"ground":{"translation":[0,6,0]},"gui":{"rotation":[30,135,0],"translation":[1,3,0],"scale":[0.78,0.78,0.78]},"head":{"translation":[0,13,0],"scale":[1.65,1.65,1.65]},"fixed":{"translation":[0,8.5,-2.25],"scale":[2,2,2]}}}