{"credit":"MadewithBlockbench","texture_size":[48,32],"textures":{"0":"sombreros:hats/fox"},"elements":[{"name":"head","from":[7,0.5,-0.5],"to":[13,6.5,7.5],"rotation":{"angle":0,"axis":"y","origin":[8.125,4,1.5]},"faces":{"north":{"uv":[0.33333,5.5,2.33333,8.5],"texture":"#0"},"east":{"uv":[7,5.5,9.66667,8.5],"texture":"#0"},"south":{"uv":[5,5.5,7,8.5],"texture":"#0"},"west":{"uv":[2.33333,5.5,5,8.5],"texture":"#0"},"up":{"uv":[5,5.5,2.33333,2.5],"rotation":270,"texture":"#0"},"down":{"uv":[7.66667,2.5,5,5.5],"rotation":90,"texture":"#0"}}},{"name":"head","from":[8,6.5,5.5],"to":[9,8.5,7.5],"rotation":{"angle":0,"axis":"y","origin":[8.125,4,1.5]},"faces":{"north":{"uv":[5,1,5.33333,2],"texture":"#0"},"east":{"uv":[6.33333,1,7,2],"texture":"#0"},"south":{"uv":[6,1,6.33333,2],"texture":"#0"},"west":{"uv":[5.33333,1,6,2],"texture":"#0"},"up":{"uv":[6,1,5.33333,0.5],"rotation":270,"texture":"#0"},"down":{"uv":[6.66667,0.5,6,1],"rotation":90,"texture":"#0"}}},{"name":"head","from":[8,6.5,-0.5],"to":[9,8.5,1.5],"rotation":{"angle":0,"axis":"y","origin":[8.125,4,1.5]},"faces":{"north":{"uv":[2.66667,1,3,2],"texture":"#0"},"east":{"uv":[4,1,4.66667,2],"texture":"#0"},"south":{"uv":[3.66667,1,4,2],"texture":"#0"},"west":{"uv":[3,1,3.66667,2],"texture":"#0"},"up":{"uv":[3.66667,1,3,0.5],"rotation":270,"texture":"#0"},"down":{"uv":[4.33333,0.5,3.66667,1],"rotation":90,"texture":"#0"}}},{"name":"head","from":[4,0.5,1.5],"to":[7,2.5,5.5],"rotation":{"angle":0,"axis":"y","origin":[8.125,4,1.5]},"faces":{"north":{"uv":[2,10.5,3,11.5],"texture":"#0"},"east":{"uv":[5.33333,10.5,6.66667,11.5],"texture":"#0"},"south":{"uv":[4.33333,10.5,5.33333,11.5],"texture":"#0"},"west":{"uv":[3,10.5,4.33333,11.5],"texture":"#0"},"up":{"uv":[4.33333,10.5,3,9],"rotation":270,"texture":"#0"},"down":{"uv":[5.66667,9,4.33333,10.5],"rotation":90,"texture":"#0"}}},{"name":"body_rotation","from":[7,-0.1,5.5],"to":[13,5.9,16.5],"rotation":{"angle":-22.5,"axis":"y","origin":[11,3,10]},"faces":{"north":{"uv":[10,7.5,12,10.5],"texture":"#0"},"east":{"uv":[8,10.5,10,16],"texture":"#0"},"south":{"uv":[12,7.5,14,10.5],"texture":"#0"},"west":{"uv":[14,10.5,16,16],"texture":"#0"},"up":{"uv":[14,16,12,10.5],"texture":"#0"},"down":{"uv":[12,10.5,10,16],"texture":"#0"}}},{"name":"tail_rotation","from":[3.92893,0,5.5],"to":[7.92893,5,15.5],"rotation":{"angle":0,"axis":"y","origin":[3.92893,2.5,13.42893]},"faces":{"north":{"uv":[14.33333,0,13,2.5],"texture":"#0"},"east":{"uv":[12.66667,2.5,14.33333,7],"rotation":270,"texture":"#0"},"south":{"uv":[13,2.5,11.66667,0],"rotation":180,"texture":"#0"},"west":{"uv":[14.33333,2.5,16,7],"rotation":90,"texture":"#0"},"up":{"uv":[11.33333,2.5,12.66667,7],"rotation":180,"texture":"#0"},"down":{"uv":[10,2.5,11.33333,7],"texture":"#0"}}}],"display":{"thirdperson_righthand":{"rotation":[0,-80,0],"translation":[0,0,-1.75],"scale":[0.4,0.4,0.4]},"thirdperson_lefthand":{"rotation":[0,80,0],"translation":[0,0,-1.75],"scale":[0.4,0.4,0.4]},"firstperson_righthand":{"rotation":[0,36,0],"translation":[3,7.25,2.5],"scale":[0.8,0.8,0.8]},"firstperson_lefthand":{"rotation":[0,96,0],"translation":[6,5.5,-2.5],"scale":[0.8,0.8,0.8]},"ground":{"scale":[0.64,0.64,0.64]},"gui":{"rotation":[0,97,12],"translation":[0,2,0],"scale":[0.8,0.8,0.8]},"head":{"rotation":[0,-66,0],"translation":[-0.25,12.25,0],"scale":[0.8,0.8,0.8]},"fixed":{"rotation":[0,-71,0],"translation":[0,4.5,-1.5]}}}