{"credit":"MadewithBlockbench","textures":{"0":"sombreros:hats/headphones","particle":"sombreros:hats/headphones"},"elements":[{"from":[3,5,6],"to":[4,8,9],"rotation":{"angle":0,"axis":"y","origin":[7,8,8]},"faces":{"north":{"uv":[0,3,1,6],"texture":"#0","tintindex":0},"east":{"uv":[1,8,4,11],"texture":"#0","tintindex":0},"south":{"uv":[0,3,1,6],"texture":"#0","tintindex":0},"west":{"uv":[0,3,3,6],"texture":"#0","tintindex":0},"up":{"uv":[0,0,1,3],"rotation":180,"texture":"#0","tintindex":0}}},{"from":[2,0,5],"to":[4,5,10],"rotation":{"angle":0,"axis":"y","origin":[7,8,8]},"faces":{"north":{"uv":[6,7,4,12],"texture":"#0","tintindex":0},"east":{"uv":[1,8,4,11],"texture":"#0","tintindex":0},"south":{"uv":[4,7,6,12],"texture":"#0","tintindex":0},"west":{"uv":[0,7,5,12],"texture":"#0","tintindex":0},"up":{"uv":[0,6,5,8],"rotation":90,"texture":"#0","tintindex":0},"down":{"uv":[0,11,5,13],"rotation":270,"texture":"#0","tintindex":0}}},{"from":[12,0,5],"to":[14,5,10],"rotation":{"angle":0,"axis":"x","origin":[9,8,8]},"faces":{"north":{"uv":[4,7,6,12],"texture":"#0","tintindex":0},"east":{"uv":[0,7,5,12],"texture":"#0","tintindex":0},"south":{"uv":[6,7,4,12],"texture":"#0","tintindex":0},"west":{"uv":[1,8,4,11],"texture":"#0","tintindex":0},"up":{"uv":[0,6,5,8],"rotation":270,"texture":"#0","tintindex":0},"down":{"uv":[0,11,5,13],"rotation":90,"texture":"#0","tintindex":0}}},{"from":[12,5,6],"to":[13,8,9],"rotation":{"angle":0,"axis":"y","origin":[9,8,8]},"faces":{"north":{"uv":[0,3,1,6],"texture":"#0","tintindex":0},"east":{"uv":[0,3,3,6],"texture":"#0","tintindex":0},"south":{"uv":[0,3,1,6],"texture":"#0","tintindex":0},"west":{"uv":[1,8,4,11],"texture":"#0","tintindex":0},"up":{"uv":[0,0,1,3],"texture":"#0","tintindex":0}}},{"from":[4,7,6],"to":[12,8,9],"faces":{"north":{"uv":[1,2,9,3],"texture":"#0","tintindex":0},"south":{"uv":[1,0,9,1],"rotation":180,"texture":"#0","tintindex":0},"up":{"uv":[1,3,9,0],"texture":"#0","tintindex":0},"down":{"uv":[1,8,4,11],"texture":"#0","tintindex":0}}},{"from":[14.1,1,6],"to":[14.1,4,9],"faces":{"east":{"uv":[6,3,3,6],"texture":"#0"}}},{"from":[1.9,1,6],"to":[1.9,4,9],"faces":{"west":{"uv":[3,3,6,6],"texture":"#0"}}}],"display":{"thirdperson_righthand":{"rotation":[45,45,0],"scale":[0.4,0.4,0.4]},"thirdperson_lefthand":{"rotation":[39,29,0],"translation":[0,1,0.5],"scale":[0.5,0.5,0.5]},"firstperson_righthand":{"rotation":[0,16,0],"translation":[4.25,6.5,0]},"firstperson_lefthand":{"rotation":[0,16,0],"translation":[4.25,6.5,0]},"ground":{"translation":[0,2.75,0],"scale":[0.4,0.4,0.4]},"gui":{"rotation":[30,-45,0],"translation":[-0.25,3.5,0]},"head":{"translation":[0,8,1.75],"scale":[1.6,1.6,1.6]},"fixed":{"translation":[0,8.25,0],"scale":[2,2,2]}}}