{"credit":"MadewithBlockbench","texture_size":[32,32],"textures":{"7":"sombreros:hats/headphones3","particle":"sombreros:hats/headphones3"},"elements":[{"name":"HeadphoneL","from":[1,4,7],"to":[3,8,11],"faces":{"north":{"uv":[4,4,6,8],"texture":"#7"},"east":{"uv":[0,4,4,8],"texture":"#7"},"south":{"uv":[10,4,12,8],"texture":"#7"},"west":{"uv":[6,4,10,8],"texture":"#7"},"up":{"uv":[6,4,4,0],"texture":"#7"},"down":{"uv":[8,0,6,4],"texture":"#7"}}},{"name":"HeadphoneR","from":[13,4,7],"to":[15,8,11],"faces":{"north":{"uv":[6,4,4,8],"texture":"#7"},"east":{"uv":[10,4,6,8],"texture":"#7"},"south":{"uv":[8,4,10,8],"texture":"#7"},"west":{"uv":[4,4,0,8],"texture":"#7"},"up":{"uv":[4,4,6,0],"texture":"#7"},"down":{"uv":[6,0,8,4],"texture":"#7"}}},{"from":[12,10,8],"to":[13,11,10],"faces":{"north":{"uv":[2,12,3,13],"texture":"#7"},"east":{"uv":[1,11,3,12],"texture":"#7"},"south":{"uv":[1,10,3,12],"texture":"#7"},"west":{"uv":[1,11,3,12],"texture":"#7"},"up":{"uv":[3,12,2,10],"texture":"#7"},"down":{"uv":[3,10,2,12],"texture":"#7"}}},{"from":[3,11,8],"to":[13,12,10],"faces":{"north":{"uv":[1,12,3,13],"texture":"#7"},"east":{"uv":[1,11,3,12],"texture":"#7"},"south":{"uv":[1,10,3,13.5],"texture":"#7"},"west":{"uv":[1,12,3,13],"texture":"#7"},"up":{"uv":[3,13,1,10],"texture":"#7"},"down":{"uv":[3,11,1,13],"texture":"#7"}}},{"from":[2,8,8],"to":[3,11,10],"faces":{"north":{"uv":[1,10,2,13],"texture":"#7"},"east":{"uv":[1,10,3,13],"texture":"#7"},"south":{"uv":[1,10,3,13.5],"texture":"#7"},"west":{"uv":[1,10,3,13],"texture":"#7"},"up":{"uv":[3,13,2,11],"texture":"#7"},"down":{"uv":[2,11,1,13],"texture":"#7"}}},{"from":[13,8,8],"to":[14,11,10],"faces":{"north":{"uv":[1,10,2,13],"texture":"#7"},"east":{"uv":[1,10,3,13],"texture":"#7"},"south":{"uv":[1,10,3,13.5],"texture":"#7"},"west":{"uv":[1,10,3,13],"texture":"#7"},"up":{"uv":[2,13,1,11],"texture":"#7"},"down":{"uv":[2,10,1,12],"texture":"#7"}}},{"from":[3,10,8],"to":[4,11,10],"faces":{"north":{"uv":[2,11,3,12],"texture":"#7"},"east":{"uv":[1,11,3,12],"texture":"#7"},"south":{"uv":[1,10,2.5,13],"texture":"#7"},"west":{"uv":[1,10,3,11],"texture":"#7"},"up":{"uv":[2,13,1,11],"texture":"#7"},"down":{"uv":[2,10,1,12],"texture":"#7"}}},{"from":[2,4,5],"to":[3,5,7],"faces":{"north":{"uv":[2,11.5,3,12.5],"texture":"#7"},"east":{"uv":[1,10,3,11],"texture":"#7"},"south":{"uv":[1,10.5,2.5,12],"texture":"#7"},"west":{"uv":[1,10.5,2.5,11.5],"texture":"#7"},"up":{"uv":[1,10,3,13.5],"texture":"#7"},"down":{"uv":[1,10.5,2.5,12.5],"texture":"#7"}}},{"from":[2,3,3],"to":[3,4,6],"faces":{"north":{"uv":[2,11.5,3,12.5],"texture":"#7"},"east":{"uv":[1,10,3,11],"texture":"#7"},"south":{"uv":[1.5,10.5,2.5,11.5],"texture":"#7"},"west":{"uv":[1,10.5,2.5,11.5],"texture":"#7"},"up":{"uv":[1,10,3,13.5],"texture":"#7"},"down":{"uv":[1,10.5,2.5,12.5],"texture":"#7"}}},{"from":[2,2,3],"to":[6,3,4],"rotation":{"angle":0,"axis":"y","origin":[1.5,2.5,2.5]},"faces":{"north":{"uv":[1,10,2.5,11],"texture":"#7"},"east":{"uv":[1,10,3,13],"texture":"#7"},"south":{"uv":[1,10,3,13.5],"texture":"#7"},"west":{"uv":[1,10.5,2.5,11.5],"texture":"#7"},"up":{"uv":[1.5,11,2.5,13],"rotation":270,"texture":"#7"},"down":{"uv":[1,10.5,2.5,12.5],"rotation":90,"texture":"#7"}}},{"from":[6,2,3],"to":[7,3,4],"faces":{"north":{"uv":[0.5,4.5,4,7.5],"texture":"#7"},"east":{"uv":[0.5,4.5,3.5,7.5],"texture":"#7"},"south":{"uv":[0,4.5,3.5,7.5],"texture":"#7"},"west":{"uv":[0,4,4,8],"texture":"#7"},"up":{"uv":[0,4.5,3.5,7.5],"texture":"#7"},"down":{"uv":[0,4.5,3.5,7.5],"texture":"#7"}}}],"gui_light":"front","display":{"thirdperson_righthand":{"rotation":[-40,0,0],"translation":[0,-0.5,-0.25],"scale":[0.36,0.36,0.36]},"thirdperson_lefthand":{"rotation":[-40,0,0],"translation":[0,-0.5,-0.25],"scale":[0.36,0.36,0.36]},"firstperson_righthand":{"scale":[0.6,0.6,1]},"firstperson_lefthand":{"scale":[0.6,0.6,1]},"ground":{"rotation":[90,0,0],"scale":[0.76,0.96,1]},"gui":{"rotation":[14,-156,-8],"scale":[0.76,0.92,1]},"head":{"translation":[0,2.5,-1.25],"scale":[1.25,1.33,1.33]},"fixed":{"translation":[0,0,-3],"scale":[0.88,1.08,1]}}}