{"credit":"MadewithBlockbench","texture_size":[64,64],"textures":{"0":"sombreros:hats/jack-o-helmet","particle":"sombreros:hats/jack-o-helmet"},"elements":[{"name":"cubeinverted","from":[14,6,14],"to":[2,0,2],"rotation":{"angle":-22.5,"axis":"x","origin":[8,4,14]},"faces":{"north":{"uv":[6,12.75,9,11.25],"texture":"#0","tintindex":0},"east":{"uv":[3,12.75,6,11.25],"texture":"#0","tintindex":0},"south":{"uv":[0,12.75,3,11.25],"texture":"#0","tintindex":0},"west":{"uv":[6,12.75,3,11.25],"texture":"#0","tintindex":0},"up":{"uv":[6,12.75,3,15.75],"rotation":180,"texture":"#0","tintindex":0}}},{"from":[2,0,2],"to":[14,6,14],"rotation":{"angle":-22.5,"axis":"x","origin":[8,4,14]},"faces":{"north":{"uv":[0,3.25,3,4.75],"texture":"#0"},"east":{"uv":[6,3.25,3,4.75],"texture":"#0"},"south":{"uv":[6,3.25,9,4.75],"texture":"#0"},"west":{"uv":[3,3.25,6,4.75],"texture":"#0"},"down":{"uv":[3,4.75,6,7.75],"rotation":180,"texture":"#0"}}},{"name":"cubeinverted","from":[14,12,14],"to":[2,2,2],"rotation":{"angle":0,"axis":"y","origin":[8,14,8]},"faces":{"north":{"uv":[6,10.5,9,8],"texture":"#0","tintindex":0},"east":{"uv":[3,10.5,6,8],"texture":"#0","tintindex":0},"south":{"uv":[0,10.5,3,8],"texture":"#0","tintindex":0},"west":{"uv":[6,10.5,3,8],"texture":"#0","tintindex":0},"down":{"uv":[3,12.75,0,15.75],"rotation":180,"texture":"#0","tintindex":0}}},{"from":[2,2,2],"to":[14,12,14],"rotation":{"angle":0,"axis":"y","origin":[8,14,8]},"faces":{"north":{"uv":[0,0,3,2.5],"texture":"#0"},"east":{"uv":[6,0,3,2.5],"texture":"#0"},"south":{"uv":[6,0,9,2.5],"texture":"#0"},"west":{"uv":[3,0,6,2.5],"texture":"#0"},"up":{"uv":[0,4.75,3,7.75],"rotation":180,"texture":"#0"}}},{"from":[2,2,2],"to":[14,12,2],"rotation":{"angle":0,"axis":"y","origin":[8,14,8]},"faces":{"north":{"uv":[6,12.75,9,15.25],"texture":"#0","tintindex":0}}},{"from":[7,12,7],"to":[9,16,9],"faces":{"north":{"uv":[9,0,9.5,1],"texture":"#0"},"east":{"uv":[9.5,0,9,1],"texture":"#0"},"south":{"uv":[9,0,9.5,1],"texture":"#0"},"west":{"uv":[9.5,0,9,1],"texture":"#0"},"up":{"uv":[9.5,0,10,0.5],"texture":"#0"}}},{"from":[4,12,8],"to":[7,15,8],"faces":{"north":{"uv":[9.5,0.5,10.25,1.25],"texture":"#0"},"south":{"uv":[10.25,0.5,9.5,1.25],"texture":"#0"}}},{"from":[-7,6,5],"to":[2,18,5],"faces":{"north":{"uv":[10.25,0,12.5,3],"texture":"#0"},"south":{"uv":[12.5,0,10.25,3],"texture":"#0"}}},{"from":[14,6,5],"to":[23,18,5],"rotation":{"angle":0,"axis":"y","origin":[16,0,0]},"faces":{"north":{"uv":[12.5,0,10.25,3],"texture":"#0"},"south":{"uv":[10.25,0,12.5,3],"texture":"#0"}}},{"from":[3.25,-2.75,3.25],"to":[12.75,6.75,12.75],"rotation":{"angle":-22.5,"axis":"x","origin":[8,4,4]},"faces":{"north":{"uv":[9.25,8,11.75,10.5],"texture":"#0","tintindex":0},"east":{"uv":[9.25,8,11.75,10.5],"texture":"#0","tintindex":0},"south":{"uv":[9.25,8,11.75,10.5],"texture":"#0","tintindex":0},"west":{"uv":[9.25,8,11.75,10.5],"texture":"#0","tintindex":0},"up":{"uv":[9.25,8,11.75,10.5],"texture":"#0","tintindex":0}}}],"display":{"thirdperson_righthand":{"rotation":[45,45,0],"scale":[0.4,0.4,0.4]},"thirdperson_lefthand":{"rotation":[45,45,0],"scale":[0.4,0.4,0.4]},"ground":{"translation":[0,7,0],"scale":[0.44,0.44,0.44]},"gui":{"rotation":[30,135,0],"translation":[0.5,1,0],"scale":[0.6,0.6,0.6]},"head":{"rotation":[19,0,0],"translation":[0,7.75,1.5],"scale":[1.6,1.6,1.6]}}}