{"credit":"MadewithBlockbench","textures":{"0":"sombreros:hats/miner_cap","particle":"sombreros:hats/miner_cap"},"elements":[{"from":[4,3,4],"to":[12,7,12],"faces":{"north":{"uv":[0,4,4,6],"texture":"#0"},"east":{"uv":[0,6.5,4,8.5],"texture":"#0"},"south":{"uv":[0,4,4,6],"texture":"#0"},"west":{"uv":[0,6.5,4,8.5],"texture":"#0"},"up":{"uv":[0,0,4,4],"texture":"#0"}}},{"from":[12,7,12],"to":[4,3,4],"faces":{"north":{"uv":[0,4,4,6],"rotation":180,"texture":"#0"},"east":{"uv":[0,6.5,4,8.5],"rotation":180,"texture":"#0"},"south":{"uv":[0,4,4,6],"rotation":180,"texture":"#0"},"west":{"uv":[0,6.5,4,8.5],"rotation":180,"texture":"#0"},"down":{"uv":[0,0,4,4],"texture":"#0"}}},{"from":[3,3,0],"to":[13,3,13],"faces":{"north":{"uv":[0,0,5,0],"texture":"#0"},"east":{"uv":[0,0,5,0],"texture":"#0"},"south":{"uv":[0,0,5,0],"texture":"#0"},"west":{"uv":[0,0,5,0],"texture":"#0"},"up":{"uv":[8.5,15,3.5,8.5],"texture":"#0"},"down":{"uv":[8.5,15,3.5,8.5],"rotation":180,"texture":"#0"}}},{"from":[6,3,2],"to":[10,7,4],"faces":{"north":{"uv":[5,3,7,5],"texture":"#0"},"east":{"uv":[7.5,3,6.5,5],"texture":"#0"},"west":{"uv":[6.5,3,7.5,5],"texture":"#0"},"up":{"uv":[5,2.5,7,3.5],"rotation":180,"texture":"#0"},"down":{"uv":[5,13,7,14],"texture":"#0"}}},{"from":[7,4,-5],"to":[9,6,2],"faces":{"east":{"uv":[4,5,7.5,6],"rotation":180,"texture":"#0"},"west":{"uv":[4,5,7.5,6],"texture":"#0"},"up":{"uv":[4,5,7.5,6],"rotation":90,"texture":"#0"},"down":{"uv":[4,5,7.5,6],"rotation":270,"texture":"#0"}}},{"from":[9,6,2],"to":[7,4,-5],"faces":{"east":{"uv":[4,5,7.5,6],"texture":"#0"},"west":{"uv":[4,5,7.5,6],"rotation":180,"texture":"#0"},"up":{"uv":[4,5,7.5,6],"rotation":270,"texture":"#0"},"down":{"uv":[4,5,7.5,6],"rotation":90,"texture":"#0"}}},{"from":[6,3,2],"to":[10,7,4],"faces":{"east":{"uv":[7.5,0.5,6.5,2.5],"texture":"#0","tintindex":0},"west":{"uv":[6.5,0.5,7.5,2.5],"texture":"#0","tintindex":0},"up":{"uv":[5,0,7,1],"rotation":180,"texture":"#0","tintindex":0}}},{"from":[3.78,3.78,3.78],"to":[12.22,7.22,12.22],"faces":{"north":{"uv":[4,6.5,8,8],"texture":"#0","tintindex":0},"east":{"uv":[4,6.5,8,8],"texture":"#0","tintindex":0},"south":{"uv":[4,6.5,8,8],"texture":"#0","tintindex":0},"west":{"uv":[4,6.5,8,8],"texture":"#0","tintindex":0}}},{"from":[12.22,7.22,12.22],"to":[3.78,3.78,3.78],"faces":{"north":{"uv":[4,6.5,8,8],"rotation":180,"texture":"#0","tintindex":0},"east":{"uv":[4,6.5,8,8],"rotation":180,"texture":"#0","tintindex":0},"south":{"uv":[4,6.5,8,8],"rotation":180,"texture":"#0","tintindex":0},"west":{"uv":[4,6.5,8,8],"rotation":180,"texture":"#0","tintindex":0}}}],"display":{"thirdperson_righthand":{"rotation":[95,0,0],"translation":[1,0.03125,1.88477],"scale":[0.75,0.75,0.75]},"thirdperson_lefthand":{"rotation":[87,8,0],"translation":[0.75,1.25,0.75],"scale":[0.75,0.75,0.75]},"firstperson_righthand":{"rotation":[0,125,0],"translation":[6,3.5,-3.5]},"firstperson_lefthand":{"rotation":[0,125,0],"translation":[6,3.5,-3.5]},"ground":{"translation":[0,4.25,0],"scale":[0.4,0.4,0.4]},"gui":{"rotation":[30,135,0],"translation":[0.75,3.75,0]},"head":{"rotation":[5,0,0],"translation":[0,11.75,0.75],"scale":[1.9,1.9,1.9]},"fixed":{"rotation":[-90,0,0],"translation":[0,0,-10.5],"scale":[2,2,2]}}}