{"credit":"MadewithBlockbench","texture_size":[32,32],"textures":{"0":"sombreros:hats/reindeer_antlers","particle":"sombreros:hats/reindeer_antlers"},"elements":[{"from":[14,7,7],"to":[16,10,9],"rotation":{"angle":22.5,"axis":"z","origin":[12,7.1,8]},"faces":{"north":{"uv":[4,3,5,4.5],"texture":"#0"},"east":{"uv":[4,3,4.5,4.5],"texture":"#0"},"south":{"uv":[5,3,4,4.5],"texture":"#0"},"west":{"uv":[4.5,3,5,4.5],"texture":"#0"},"up":{"uv":[4,3,5,3.5],"rotation":180,"texture":"#0"}}},{"from":[11,5,7],"to":[24,7,9],"rotation":{"angle":22.5,"axis":"z","origin":[12,7.1,8]},"faces":{"north":{"uv":[0,4.5,6.5,5.5],"texture":"#0"},"east":{"uv":[0,4.5,0.5,5.5],"texture":"#0"},"south":{"uv":[6.5,4.5,0,5.5],"texture":"#0"},"west":{"uv":[5.5,4.5,6.5,5.5],"texture":"#0"},"up":{"uv":[0,4.5,6.5,5],"rotation":180,"texture":"#0"},"down":{"uv":[0,5,6.5,5.5],"rotation":180,"texture":"#0"}}},{"from":[18,7,7],"to":[20,12,9],"rotation":{"angle":22.5,"axis":"z","origin":[12,7.1,8]},"faces":{"north":{"uv":[2,2,3,4.5],"texture":"#0"},"east":{"uv":[2,2,2.5,4.5],"texture":"#0"},"south":{"uv":[3,2,2,4.5],"texture":"#0"},"west":{"uv":[2.5,2,3,4.5],"texture":"#0"},"up":{"uv":[2,2,3,2.5],"rotation":180,"texture":"#0"}}},{"from":[22,7,7],"to":[24,16,9],"rotation":{"angle":22.5,"axis":"z","origin":[12,7.1,8]},"faces":{"north":{"uv":[0,0,1,4.5],"texture":"#0"},"east":{"uv":[0,0,0.5,4.5],"texture":"#0"},"south":{"uv":[1,0,0,4.5],"texture":"#0"},"west":{"uv":[0.5,0,1,4.5],"texture":"#0"},"up":{"uv":[0,0,0.5,1],"rotation":90,"texture":"#0"}}},{"from":[19,14,7],"to":[22,16,9],"rotation":{"angle":22.5,"axis":"z","origin":[12,7.1,8]},"faces":{"north":{"uv":[1,0,2.5,1],"texture":"#0"},"south":{"uv":[2.5,0,1,1],"texture":"#0"},"west":{"uv":[2,0,2.5,1],"texture":"#0"},"up":{"uv":[1,0,2.5,0.5],"texture":"#0"},"down":{"uv":[1,0.5,2.5,1],"rotation":180,"texture":"#0"}}},{"from":[0,7,7],"to":[2,10,9],"rotation":{"angle":-22.5,"axis":"z","origin":[4,7.1,8]},"faces":{"north":{"uv":[5,3,4,4.5],"texture":"#0"},"east":{"uv":[5,3,4.5,4.5],"texture":"#0"},"south":{"uv":[4,3,5,4.5],"texture":"#0"},"west":{"uv":[4.5,3,4,4.5],"texture":"#0"},"up":{"uv":[5,3,4,3.5],"rotation":180,"texture":"#0"}}},{"from":[-8,5,7],"to":[5,7,9],"rotation":{"angle":-22.5,"axis":"z","origin":[4,7.1,8]},"faces":{"north":{"uv":[6.5,4.5,0,5.5],"texture":"#0"},"east":{"uv":[5.5,4.5,6.5,5.5],"texture":"#0"},"south":{"uv":[0,4.5,6.5,5.5],"texture":"#0"},"west":{"uv":[0.5,4.5,0,5.5],"texture":"#0"},"up":{"uv":[6.5,4.5,0,5],"rotation":180,"texture":"#0"},"down":{"uv":[6.5,5,0,5.5],"rotation":180,"texture":"#0"}}},{"from":[-4,7,7],"to":[-2,12,9],"rotation":{"angle":-22.5,"axis":"z","origin":[4,7.1,8]},"faces":{"north":{"uv":[3,2,2,4.5],"texture":"#0"},"east":{"uv":[3,2,2.5,4.5],"texture":"#0"},"south":{"uv":[2,2,3,4.5],"texture":"#0"},"west":{"uv":[2.5,2,2,4.5],"texture":"#0"},"up":{"uv":[3,2,2,2.5],"rotation":180,"texture":"#0"}}},{"from":[-8,7,7],"to":[-6,16,9],"rotation":{"angle":-22.5,"axis":"z","origin":[4,7.1,8]},"faces":{"north":{"uv":[1,0,0,4.5],"texture":"#0"},"east":{"uv":[1,0,0.5,4.5],"texture":"#0"},"south":{"uv":[0,0,1,4.5],"texture":"#0"},"west":{"uv":[0.5,0,0,4.5],"texture":"#0"},"up":{"uv":[0,1,0.5,0],"rotation":90,"texture":"#0"}}},{"from":[-6,14,7],"to":[-3,16,9],"rotation":{"angle":-22.5,"axis":"z","origin":[4,7.1,8]},"faces":{"north":{"uv":[2.5,0,1,1],"texture":"#0"},"east":{"uv":[2.5,0,2,1],"texture":"#0"},"south":{"uv":[1,0,2.5,1],"texture":"#0"},"up":{"uv":[2.5,0,1,0.5],"texture":"#0"},"down":{"uv":[2.5,0.5,1,1],"rotation":180,"texture":"#0"}}},{"from":[0,3,6],"to":[4,5,7],"rotation":{"angle":22.5,"axis":"z","origin":[4,4,6.5]},"faces":{"north":{"uv":[2,6,0,7],"texture":"#0"},"east":{"uv":[3.5,6,4,7],"texture":"#0"},"south":{"uv":[2,6,4,7],"texture":"#0"},"west":{"uv":[0.5,6,0,7],"texture":"#0"},"up":{"uv":[2,6,0,6.5],"rotation":180,"texture":"#0"},"down":{"uv":[2,6.5,0,7],"rotation":180,"texture":"#0"}}},{"from":[12,3,6],"to":[16,5,7],"rotation":{"angle":-22.5,"axis":"z","origin":[12,4,6.5]},"faces":{"north":{"uv":[0,6,2,7],"texture":"#0"},"east":{"uv":[0,6,0.5,7],"texture":"#0"},"south":{"uv":[4,6,2,7],"texture":"#0"},"west":{"uv":[4,6,3.5,7],"texture":"#0"},"up":{"uv":[0,6,2,6.5],"rotation":180,"texture":"#0"},"down":{"uv":[0,6.5,2,7],"rotation":180,"texture":"#0"}}},{"from":[0,3,6],"to":[4,5,7],"rotation":{"angle":22.5,"axis":"z","origin":[4,4,6.5]},"faces":{"north":{"uv":[6.5,6,4.5,7],"texture":"#0","tintindex":0},"east":{"uv":[8,6,8.5,7],"texture":"#0","tintindex":0},"south":{"uv":[6.5,6,8.5,7],"texture":"#0","tintindex":0},"west":{"uv":[5,6,4.5,7],"texture":"#0","tintindex":0},"up":{"uv":[6.5,6,4.5,6.5],"rotation":180,"texture":"#0","tintindex":0},"down":{"uv":[6.5,6.5,4.5,7],"rotation":180,"texture":"#0","tintindex":0}}},{"from":[12,3,6],"to":[16,5,7],"rotation":{"angle":-22.5,"axis":"z","origin":[12,4,6.5]},"faces":{"north":{"uv":[4.5,6,6.5,7],"texture":"#0","tintindex":0},"east":{"uv":[4.5,6,5,7],"texture":"#0","tintindex":0},"south":{"uv":[8.5,6,6.5,7],"texture":"#0","tintindex":0},"west":{"uv":[8.5,6,8,7],"texture":"#0","tintindex":0},"up":{"uv":[4.5,6,6.5,6.5],"rotation":180,"texture":"#0","tintindex":0},"down":{"uv":[4.5,6.5,6.5,7],"rotation":180,"texture":"#0","tintindex":0}}}],"gui_light":"front","display":{"thirdperson_righthand":{"rotation":[45,45,0],"scale":[0.4,0.4,0.4]},"thirdperson_lefthand":{"rotation":[45,45,0],"scale":[0.4,0.4,0.4]},"gui":{"rotation":[0,-180,0],"translation":[0,-1.5,0],"scale":[0.48,0.48,0.48]},"head":{"rotation":[11,0,0],"translation":[0,7.25,1.5],"scale":[1.6,1.6,1.6]}}}