{"credit":"MadewithBlockbench","parent":"block/block","textures":{"3":"sombreros:hats/spyglass_model","5":"sombreros:hats/mechanical_arm","6":"sombreros:hats/crafter_top","particle":"sombreros:hats/crafter_top"},"elements":[{"name":"Base","from":[3,1,3],"to":[13,5,13],"rotation":{"angle":0,"axis":"y","origin":[9,9,5]},"faces":{"north":{"uv":[5,9.5,7,14.5],"rotation":270,"texture":"#5"},"east":{"uv":[5,9.5,7,14.5],"rotation":270,"texture":"#5"},"south":{"uv":[5,9.5,7,14.5],"rotation":270,"texture":"#5"},"west":{"uv":[5,9.5,7,14.5],"rotation":270,"texture":"#5"},"up":{"uv":[0,9.5,5,14.5],"texture":"#5"},"down":{"uv":[0,9.5,5,14.5],"texture":"#5"}}},{"name":"LowerBody","from":[6,-7.0608,1.61082],"to":[10,8.9392,4.61082],"rotation":{"angle":-45,"axis":"x","origin":[8,9.29576,-4.99252]},"faces":{"north":{"uv":[9,14,16,16],"rotation":90,"texture":"#5"},"east":{"uv":[9,4,10.5,11],"texture":"#5"},"south":{"uv":[9,14,16,16],"rotation":90,"texture":"#5"},"west":{"uv":[9,4,10.5,11],"texture":"#5"},"up":{"uv":[14.5,9,16,11],"rotation":90,"texture":"#5"},"down":{"uv":[14.5,9,16,11],"rotation":90,"texture":"#5"}}},{"name":"ConnectorMid","from":[7,8.9392,2.11082],"to":[9,12.9392,4.11082],"rotation":{"angle":-45,"axis":"x","origin":[8,9.29576,-4.99252]},"faces":{"north":{"uv":[15,0,16,2],"texture":"#5"},"east":{"uv":[15,0,16,2],"texture":"#5"},"south":{"uv":[15,0,16,2],"texture":"#5"},"west":{"uv":[15,0,16,2],"texture":"#5"},"up":{"uv":[15,0,16,1],"texture":"#5"},"down":{"uv":[15,0,16,2],"texture":"#5"}}},{"name":"ConnectorR","from":[5,10.9392,-1.88918],"to":[7,12.9392,4.11082],"rotation":{"angle":-45,"axis":"x","origin":[8,9.29576,-4.99252]},"faces":{"east":{"uv":[15,0,16,3],"rotation":90,"texture":"#5"},"south":{"uv":[15,0,16,1],"rotation":90,"texture":"#5"},"west":{"uv":[15,0,16,3],"rotation":90,"texture":"#5"},"up":{"uv":[15,0,16,3],"texture":"#5"},"down":{"uv":[15,0,16,3],"rotation":180,"texture":"#5"}}},{"name":"ConnectorR","from":[9,10.9392,-1.88918],"to":[11,12.9392,4.11082],"rotation":{"angle":-45,"axis":"x","origin":[8,9.29576,-4.99252]},"faces":{"east":{"uv":[15,0,16,3],"rotation":90,"texture":"#5"},"south":{"uv":[15,0,16,1],"rotation":90,"texture":"#5"},"west":{"uv":[15,0,16,3],"rotation":90,"texture":"#5"},"up":{"uv":[15,0,16,3],"texture":"#5"},"down":{"uv":[15,0,16,3],"rotation":180,"texture":"#5"}}},{"name":"UpperBody","from":[4.5,9.9392,-9.88918],"to":[11.5,13.9392,1.11082],"rotation":{"angle":-45,"axis":"x","origin":[8,9.29576,-4.99252]},"faces":{"north":{"uv":[11,9,14.5,11],"texture":"#5"},"east":{"uv":[14,3.5,16,9],"rotation":270,"texture":"#5"},"south":{"uv":[11,9,14.5,11],"texture":"#5"},"west":{"uv":[14,3.5,16,9],"rotation":270,"texture":"#5"},"up":{"uv":[10.5,3.5,14,9],"texture":"#5"},"down":{"uv":[10.5,3.5,14,9],"texture":"#5"}}},{"name":"Head","from":[4,5.28829,-12.19676],"to":[12,9.28829,-8.19676],"rotation":{"angle":0,"axis":"x","origin":[8,9.29576,-4.99252]},"faces":{"north":{"uv":[7,9.5,9,13.5],"rotation":270,"texture":"#5"},"east":{"uv":[7,13.5,9,15.5],"rotation":90,"texture":"#5"},"south":{"uv":[7,9.5,9,13.5],"rotation":270,"texture":"#5"},"west":{"uv":[7,13.5,9,15.5],"rotation":270,"texture":"#5"},"up":{"uv":[7,9.5,9,13.5],"rotation":90,"texture":"#5"},"down":{"uv":[7,9.5,9,13.5],"rotation":270,"texture":"#5"}}},{"name":"ClawBase","from":[5,2.28829,-13.19676],"to":[11,4.28829,-7.19676],"rotation":{"angle":0,"axis":"x","origin":[8,9.29576,-4.99252]},"faces":{"north":{"uv":[12,0,13,3],"rotation":270,"texture":"#5"},"east":{"uv":[12,0,13,3],"rotation":90,"texture":"#5"},"south":{"uv":[12,0,15,1],"texture":"#5"},"west":{"uv":[14,0,15,3],"rotation":270,"texture":"#5"},"up":{"uv":[12,0,15,3],"texture":"#5"},"down":{"uv":[12,0,15,3],"rotation":180,"texture":"#5"}}},{"name":"ClawTop","from":[8.5,1.8852,-14.87121],"to":[10.5,6.8852,-12.87121],"rotation":{"angle":-22.5,"axis":"x","origin":[8,9.29576,-4.99252]},"faces":{"north":{"uv":[9.5,0,12,2.5],"texture":"#5"},"east":{"uv":[9.5,0,12,1],"rotation":270,"texture":"#5"},"south":{"uv":[9.5,0,12,2.5],"rotation":180,"texture":"#5"},"west":{"uv":[9.5,0,12,1],"rotation":90,"texture":"#5"},"up":{"uv":[9.5,0,12,1],"rotation":180,"texture":"#5"},"down":{"uv":[9.5,1.5,12,2.5],"texture":"#5"}}},{"name":"ClawTop","from":[5.5,1.8852,-14.87121],"to":[7.5,6.8852,-12.87121],"rotation":{"angle":-22.5,"axis":"x","origin":[8,9.29576,-4.99252]},"faces":{"north":{"uv":[9.5,0,12,2.5],"texture":"#5"},"east":{"uv":[9.5,0,12,1],"rotation":270,"texture":"#5"},"south":{"uv":[9.5,0,12,2.5],"rotation":180,"texture":"#5"},"west":{"uv":[9.5,0,12,1],"rotation":90,"texture":"#5"},"up":{"uv":[9.5,0,12,1],"rotation":180,"texture":"#5"},"down":{"uv":[9.5,1.5,12,2.5],"texture":"#5"}}},{"name":"ClawBottom","from":[6.5,-2.09795,-6.73001],"to":[8.5,2.90205,-4.73001],"rotation":{"angle":22.5,"axis":"x","origin":[8,9.29576,-4.99252]},"faces":{"north":{"uv":[9.5,0,12,2.5],"texture":"#5"},"east":{"uv":[9.5,1.5,12,2.5],"rotation":270,"texture":"#5"},"south":{"uv":[9.5,0,12,2.5],"rotation":180,"texture":"#5"},"west":{"uv":[9.5,1.5,12,2.5],"rotation":90,"texture":"#5"},"up":{"uv":[9.5,1.5,12,2.5],"rotation":180,"texture":"#5"},"down":{"uv":[9.5,0,12,1],"texture":"#5"}}},{"name":"ClawConnector","from":[6.5,4.28829,-11.19676],"to":[9.5,5.28829,-9.19676],"rotation":{"angle":0,"axis":"x","origin":[8,20.29576,8.00748]},"faces":{"north":{"uv":[10.5,3,12,3.5],"texture":"#5"},"east":{"uv":[10.5,2.5,11,3.5],"rotation":90,"texture":"#5"},"south":{"uv":[10.5,2.5,12,3],"texture":"#5"},"west":{"uv":[11.5,2.5,12,3.5],"rotation":270,"texture":"#5"}}},{"name":"backboard","from":[2,-16,12],"to":[14,5,14],"faces":{"north":{"uv":[0,0,16,16],"texture":"#6"},"east":{"uv":[0,0,1,16],"texture":"#6"},"south":{"uv":[0,0,16,16],"texture":"#6"},"west":{"uv":[0,0,1,16],"texture":"#6"},"up":{"uv":[0,0,16,1],"texture":"#6"},"down":{"uv":[0,0,16,1],"texture":"#6"}}},{"name":"spyglass","from":[6.5,-5,-15.5],"to":[10.5,-1,-3.5],"rotation":{"angle":0,"axis":"x","origin":[7.5,-2,-10]},"faces":{"north":{"uv":[0,0,2,2],"rotation":90,"texture":"#3"},"east":{"uv":[1,0,7,2],"rotation":180,"texture":"#3"},"south":{"uv":[13,0,15,2],"rotation":270,"texture":"#3"},"west":{"uv":[1,0,7,2],"texture":"#3"},"up":{"uv":[8,7,14,9],"rotation":270,"texture":"#3"},"down":{"uv":[1,0,7,2],"rotation":270,"texture":"#3"}}},{"name":"ear","from":[6,-16,-1],"to":[11,-15,12],"faces":{"north":{"uv":[1,1,15,2],"texture":"#6"},"east":{"uv":[0,1,15,2],"texture":"#6"},"south":{"uv":[0,0,5,1],"texture":"#6"},"west":{"uv":[1,1,16,2],"texture":"#6"},"up":{"uv":[1,2,15,16],"texture":"#6"},"down":{"uv":[1,0,15,15],"texture":"#6"}}},{"name":"top1","from":[18,-9,4],"to":[20,-5,12],"faces":{"north":{"uv":[0,0,2,4],"texture":"#6"},"east":{"uv":[2,1,14,15],"texture":"#6"},"south":{"uv":[0,0,2,4],"texture":"#6"},"west":{"uv":[2,1,14,15],"texture":"#6"},"up":{"uv":[1,1,4,2],"texture":"#6"},"down":{"uv":[1,1,2,15],"texture":"#6"}}},{"name":"backback","from":[14,-9,12],"to":[20,-5,14],"faces":{"north":{"uv":[2,1,15,15],"texture":"#6"},"east":{"uv":[2,0,14,16],"texture":"#6"},"south":{"uv":[2,0,14,16],"texture":"#6"},"west":{"uv":[0,0,2,4],"texture":"#6"},"up":{"uv":[0,14,3,15],"texture":"#6"},"down":{"uv":[0,1,3,2],"texture":"#6"}}},{"name":"top2","from":[18,-11,-2],"to":[20,-3,4],"faces":{"north":{"uv":[1,1,2,14],"texture":"#6"},"east":{"uv":[2,1,15,15],"texture":"#6"},"south":{"uv":[1,1,2,15],"texture":"#6"},"west":{"uv":[1,1,14,15],"texture":"#6"},"up":{"uv":[1,1,2,15],"texture":"#6"},"down":{"uv":[1,1,2,15],"texture":"#6"}}}],"display":{"thirdperson_righthand":{"translation":[0,1,-1.25],"scale":[0.23,0.23,0.23]},"thirdperson_lefthand":{"translation":[0,1,-1.25],"scale":[0.23,0.23,0.23]},"firstperson_righthand":{"rotation":[0,-55,0],"translation":[3.25,2.25,0],"scale":[0.4,0.4,0.4]},"firstperson_lefthand":{"rotation":[0,-55,0],"translation":[3.25,2.25,0],"scale":[0.4,0.4,0.4]},"ground":{"rotation":[0,0,90],"translation":[0,-2,1.25],"scale":[0.25,0.25,0.25]},"gui":{"rotation":[0,-165,102],"translation":[2.75,-1.25,-4.5],"scale":[0.4,0.4,0.4]},"head":{"rotation":[0,0,90],"translation":[-12,-2,3.25],"scale":[0.8,0.8,0.8]},"fixed":{"rotation":[0,6,102],"translation":[-3.75,-0.75,-4.5],"scale":[0.5,0.5,0.5]}}}