{"credit":"MadewithBlockbench","texture_size":[64,64],"textures":{"0":"sombreros:hats/turkey_helmet","particle":"sombreros:hats/turkey_helmet"},"elements":[{"from":[3,0,3],"to":[13,19,13],"faces":{"north":{"uv":[0,0,2.5,4.75],"texture":"#0"},"east":{"uv":[5,0,2.5,4.75],"texture":"#0"},"south":{"uv":[5,0,7.5,4.75],"texture":"#0"},"west":{"uv":[2.5,0,5,4.75],"texture":"#0"},"up":{"uv":[7.5,0,10,2.5],"rotation":180,"texture":"#0"}}},{"from":[0,12,1],"to":[5,17,6],"faces":{"north":{"uv":[0,6,1.25,7.25],"texture":"#0"},"east":{"uv":[1.25,6,2.5,7.25],"texture":"#0"},"south":{"uv":[2.5,6,1.25,7.25],"texture":"#0"},"west":{"uv":[1.25,6,0,7.25],"texture":"#0"},"up":{"uv":[0,4.75,1.25,6],"rotation":180,"texture":"#0"},"down":{"uv":[1.25,4.75,2.5,6],"rotation":90,"texture":"#0"}}},{"from":[11,12,1],"to":[16,17,6],"rotation":{"angle":0,"axis":"y","origin":[16,0,0]},"faces":{"north":{"uv":[1.25,6,0,7.25],"texture":"#0"},"east":{"uv":[0,6,1.25,7.25],"texture":"#0"},"south":{"uv":[1.25,6,2.5,7.25],"texture":"#0"},"west":{"uv":[2.5,6,1.25,7.25],"texture":"#0"},"up":{"uv":[1.25,4.75,0,6],"rotation":180,"texture":"#0"},"down":{"uv":[1.25,6,2.5,4.75],"rotation":90,"texture":"#0"}}},{"from":[3,10,-2],"to":[13,13,3],"faces":{"north":{"uv":[2.5,6.5,5,7.25],"texture":"#0"},"east":{"uv":[6.25,6.5,5,7.25],"texture":"#0"},"west":{"uv":[5,6.5,6.25,7.25],"texture":"#0"},"up":{"uv":[2.5,5.25,5,6.5],"rotation":180,"texture":"#0"},"down":{"uv":[5,5.25,7.5,6.5],"texture":"#0"}}},{"from":[1,13,-1],"to":[9,14,2],"faces":{"north":{"uv":[0,7.75,2,8],"texture":"#0"},"east":{"uv":[0,7.25,0.25,8],"rotation":270,"texture":"#0"},"south":{"uv":[0,7.25,2,7.5],"texture":"#0"},"west":{"uv":[0,8,0.25,7.25],"rotation":270,"texture":"#0"},"up":{"uv":[0,7.25,2,8],"rotation":180,"texture":"#0"}}},{"from":[1,5,-1],"to":[3,13,2],"faces":{"north":{"uv":[2,7.25,2.5,9.25],"texture":"#0"},"east":{"uv":[3.75,7.25,4.5,9.25],"texture":"#0"},"south":{"uv":[3.25,7.25,3.75,9.25],"texture":"#0"},"west":{"uv":[2.5,7.25,3.25,9.25],"texture":"#0"},"down":{"uv":[3.75,8.75,4.25,9.25],"texture":"#0"}}},{"name":"cubeinverted","from":[13,19,13],"to":[3,0,3],"faces":{"north":{"uv":[5,4.75,7.5,0],"texture":"#0"},"east":{"uv":[2.5,4.75,5,0],"texture":"#0"},"south":{"uv":[0,4.75,2.5,0],"texture":"#0"},"west":{"uv":[5,4.75,2.5,0],"texture":"#0"},"down":{"uv":[10,0,7.5,2.5],"rotation":180,"texture":"#0"}}}],"display":{"thirdperson_righthand":{"rotation":[45,45,0],"scale":[0.4,0.4,0.4]},"thirdperson_lefthand":{"rotation":[45,45,0],"scale":[0.4,0.4,0.4]},"gui":{"rotation":[30,135,0],"translation":[0.75,-1,0],"scale":[0.66,0.66,0.66]},"head":{"translation":[0,2,0],"scale":[1.61,1.61,1.61]}}}