{"credit":"MadewithBlockbench","texture_size":[64,64],"textures":{"1":"sombreros:hats/van_helsing"},"elements":[{"from":[13,7,4],"to":[13,11,13],"faces":{"north":{"uv":[0,0,0,1],"texture":"#1"},"east":{"uv":[0,5.25,2.25,6.25],"texture":"#1"},"south":{"uv":[0,0,0,1],"texture":"#1"},"west":{"uv":[2.25,5.75,4.5,6.75],"texture":"#1"},"up":{"uv":[0,2.25,0,0],"texture":"#1"},"down":{"uv":[0,0,0,2.25],"texture":"#1"}}},{"from":[4.4,15,4.4],"to":[12.6,15,12.4],"faces":{"north":{"uv":[0,0,2,0],"texture":"#1"},"east":{"uv":[0,0,2,0],"texture":"#1"},"south":{"uv":[0,0,2,0],"texture":"#1"},"west":{"uv":[0,0,2,0],"texture":"#1"},"up":{"uv":[2,2,0,0],"texture":"#1"},"down":{"uv":[2,2,0,4],"texture":"#1"}}},{"from":[4,7,4],"to":[13,11,4],"faces":{"north":{"uv":[4.5,5.75,6.75,6.75],"texture":"#1"},"east":{"uv":[0,0,0,1],"texture":"#1"},"south":{"uv":[6,0,8.25,1],"texture":"#1"},"west":{"uv":[0,0,0,1],"texture":"#1"},"up":{"uv":[2.25,0,0,0],"texture":"#1"},"down":{"uv":[2.25,0,0,0],"texture":"#1"}}},{"from":[4,7,4],"to":[4,11,13],"faces":{"north":{"uv":[0,0,0,1],"texture":"#1"},"east":{"uv":[6,1,8.25,2],"texture":"#1"},"south":{"uv":[0,0,0,1],"texture":"#1"},"west":{"uv":[6,2,8.25,3],"texture":"#1"},"up":{"uv":[0,2.25,0,0],"texture":"#1"},"down":{"uv":[0,0,0,2.25],"texture":"#1"}}},{"from":[4,7,13],"to":[13,11,13],"faces":{"north":{"uv":[4,3.75,6.25,4.75],"texture":"#1"},"east":{"uv":[0,0,0,1],"texture":"#1"},"south":{"uv":[4,4.75,6.25,5.75],"texture":"#1"},"west":{"uv":[0,0,0,1],"texture":"#1"},"up":{"uv":[2.25,0,0,0],"texture":"#1"},"down":{"uv":[2.25,0,0,0],"texture":"#1"}}},{"from":[4.4,10,4.4],"to":[12.6,15,4.4],"faces":{"north":{"uv":[2,0,4,1.25],"texture":"#1"},"east":{"uv":[0,0,0,1.25],"texture":"#1"},"south":{"uv":[2,1.25,4,2.5],"texture":"#1"},"west":{"uv":[0,0,0,1.25],"texture":"#1"},"up":{"uv":[2,0,0,0],"texture":"#1"},"down":{"uv":[2,0,0,0],"texture":"#1"}}},{"from":[4.4,10,12.4],"to":[12.6,15,12.4],"faces":{"north":{"uv":[2,2.5,4,3.75],"texture":"#1"},"east":{"uv":[0,0,0,1.25],"texture":"#1"},"south":{"uv":[2,3.75,4,5],"texture":"#1"},"west":{"uv":[0,0,0,1.25],"texture":"#1"},"up":{"uv":[2,0,0,0],"texture":"#1"},"down":{"uv":[2,0,0,0],"texture":"#1"}}},{"from":[12.6,10,4.4],"to":[12.6,15,12.4],"faces":{"north":{"uv":[0,0,0,1.25],"texture":"#1"},"east":{"uv":[0,4,2,5.25],"texture":"#1"},"south":{"uv":[0,0,0,1.25],"texture":"#1"},"west":{"uv":[4,0,6,1.25],"texture":"#1"},"up":{"uv":[0,2,0,0],"texture":"#1"},"down":{"uv":[0,0,0,2],"texture":"#1"}}},{"from":[4.4,10,4.4],"to":[4.4,15,12.4],"faces":{"north":{"uv":[0,0,0,1.25],"texture":"#1"},"east":{"uv":[4,1.25,6,2.5],"texture":"#1"},"south":{"uv":[0,0,0,1.25],"texture":"#1"},"west":{"uv":[4,2.5,6,3.75],"texture":"#1"},"up":{"uv":[0,2,0,0],"texture":"#1"},"down":{"uv":[0,0,0,2],"texture":"#1"}}},{"from":[4,11,12.4],"to":[12.4,11,13],"faces":{"north":{"uv":[0,0,2,0],"texture":"#1"},"east":{"uv":[0,0,0.25,0],"texture":"#1"},"south":{"uv":[0,0,2,0],"texture":"#1"},"west":{"uv":[0,0,0.25,0],"texture":"#1"},"up":{"uv":[4,5.25,2,5],"texture":"#1"},"down":{"uv":[9.25,5,7.25,5.25],"texture":"#1"}}},{"from":[4,11,4],"to":[12.4,11,4.4],"faces":{"north":{"uv":[0,0,2,0],"texture":"#1"},"east":{"uv":[0,0,0.25,0],"texture":"#1"},"south":{"uv":[0,0,2,0],"texture":"#1"},"west":{"uv":[0,0,0.25,0],"texture":"#1"},"up":{"uv":[9.25,5.5,7.25,5.25],"texture":"#1"},"down":{"uv":[9.25,5.5,7.25,5.75],"texture":"#1"}}},{"from":[12.4,11,4],"to":[13,11,13],"faces":{"north":{"uv":[0,0,0.25,0],"texture":"#1"},"east":{"uv":[0,0,2.25,0],"texture":"#1"},"south":{"uv":[0,0,0.25,0],"texture":"#1"},"west":{"uv":[0,0,2.25,0],"texture":"#1"},"up":{"uv":[0.5,9.5,0.25,7.25],"texture":"#1"},"down":{"uv":[0.75,7.25,0.5,9.5],"texture":"#1"}}},{"from":[4,11,4.4],"to":[4.4,11,12.4],"faces":{"north":{"uv":[0,0,0.25,0],"texture":"#1"},"east":{"uv":[0,0,2,0],"texture":"#1"},"south":{"uv":[0,0,0.25,0],"texture":"#1"},"west":{"uv":[0,0,2,0],"texture":"#1"},"up":{"uv":[1,9.25,0.75,7.25],"texture":"#1"},"down":{"uv":[1.25,7.25,1,9.25],"texture":"#1"}}},{"from":[12.6194,5.08658,1],"to":[13.6194,5.08658,16],"rotation":{"angle":22.5,"axis":"z","origin":[8,7,8]},"faces":{"north":{"uv":[0,0,0.25,0],"texture":"#1"},"east":{"uv":[0,0,3.75,0],"texture":"#1"},"south":{"uv":[0,0,0.25,0],"texture":"#1"},"west":{"uv":[0,0,3.75,0],"texture":"#1"},"up":{"uv":[4.75,10.5,4.5,6.75],"texture":"#1"},"down":{"uv":[5,6.75,4.75,10.5],"texture":"#1"}}},{"from":[13.6194,5.08658,2],"to":[14.6194,5.08658,15],"rotation":{"angle":22.5,"axis":"z","origin":[8,7,8]},"faces":{"north":{"uv":[0,0,0.25,0],"texture":"#1"},"east":{"uv":[0,0,3.25,0],"texture":"#1"},"south":{"uv":[0,0,0.25,0],"texture":"#1"},"west":{"uv":[0,0,3.25,0],"texture":"#1"},"up":{"uv":[5.5,10,5.25,6.75],"texture":"#1"},"down":{"uv":[5.75,6.75,5.5,10],"texture":"#1"}}},{"from":[14.6194,5.08658,3],"to":[15.6194,5.08658,14],"rotation":{"angle":22.5,"axis":"z","origin":[8,7,8]},"faces":{"north":{"uv":[0,0,0.25,0],"texture":"#1"},"east":{"uv":[0,0,2.75,0],"texture":"#1"},"south":{"uv":[0,0,0.25,0],"texture":"#1"},"west":{"uv":[0,0,2.75,0],"texture":"#1"},"up":{"uv":[6.5,9.5,6.25,6.75],"texture":"#1"},"down":{"uv":[6.75,6.75,6.5,9.5],"texture":"#1"}}},{"from":[3.30448,5.46927,1],"to":[4.30448,5.46927,16],"rotation":{"angle":-22.5,"axis":"z","origin":[8,7,8]},"faces":{"north":{"uv":[0,0,0.25,0],"texture":"#1"},"east":{"uv":[0,0,3.75,0],"texture":"#1"},"south":{"uv":[0,0,0.25,0],"texture":"#1"},"west":{"uv":[0,0,3.75,0],"texture":"#1"},"up":{"uv":[5.25,10.5,5,6.75],"texture":"#1"},"down":{"uv":[7,5,6.75,8.75],"texture":"#1"}}},{"from":[2.30448,5.46927,2],"to":[3.30448,5.46927,15],"rotation":{"angle":-22.5,"axis":"z","origin":[8,7,8]},"faces":{"north":{"uv":[0,0,0.25,0],"texture":"#1"},"east":{"uv":[0,0,3.25,0],"texture":"#1"},"south":{"uv":[0,0,0.25,0],"texture":"#1"},"west":{"uv":[0,0,3.25,0],"texture":"#1"},"up":{"uv":[6,10,5.75,6.75],"texture":"#1"},"down":{"uv":[6.25,6.75,6,10],"texture":"#1"}}},{"from":[4,7,0],"to":[13,7,4],"rotation":{"angle":0,"axis":"y","origin":[8,7,8]},"faces":{"north":{"uv":[0,0,2.25,0],"texture":"#1"},"east":{"uv":[0,0,1,0],"texture":"#1"},"south":{"uv":[0,0,2.25,0],"texture":"#1"},"west":{"uv":[0,0,1,0],"texture":"#1"},"up":{"uv":[2.25,7.25,0,6.25],"texture":"#1"},"down":{"uv":[8.5,3,6.25,4],"texture":"#1"}}},{"from":[1.30448,5.46927,3],"to":[2.30448,5.46927,14],"rotation":{"angle":-22.5,"axis":"z","origin":[8,7,8]},"faces":{"north":{"uv":[0,0,0.25,0],"texture":"#1"},"east":{"uv":[0,0,2.75,0],"texture":"#1"},"south":{"uv":[0,0,0.25,0],"texture":"#1"},"west":{"uv":[0,0,2.75,0],"texture":"#1"},"up":{"uv":[7.25,7.75,7,5],"texture":"#1"},"down":{"uv":[0.25,7.25,0,10],"texture":"#1"}}},{"from":[4,7,13],"to":[13,7,17],"rotation":{"angle":0,"axis":"y","origin":[8,7,8]},"faces":{"north":{"uv":[0,0,2.25,0],"texture":"#1"},"east":{"uv":[0,0,1,0],"texture":"#1"},"south":{"uv":[0,0,2.25,0],"texture":"#1"},"west":{"uv":[0,0,1,0],"texture":"#1"},"up":{"uv":[8.5,5,6.25,4],"texture":"#1"},"down":{"uv":[4.5,6.75,2.25,7.75],"texture":"#1"}}}],"display":{"thirdperson_righthand":{"translation":[-0.25,0,-1],"scale":[0.57,0.57,0.57]},"thirdperson_lefthand":{"translation":[-0.25,0,-1],"scale":[0.57,0.57,0.57]},"firstperson_righthand":{"translation":[1.5,0,0]},"firstperson_lefthand":{"translation":[1.5,0,0]},"ground":{"scale":[0.72,0.72,0.72]},"gui":{"rotation":[10,-180,0],"translation":[0.5,-2.5,0],"scale":[0.96,0.96,0.96]},"head":{"rotation":[-6,0,0],"translation":[-0.75,4,-0.75],"scale":[1.62,1.41,1.68]},"fixed":{"rotation":[-89,0,0],"translation":[0,0,-2]}}}