{"credit":"Made with Blockbench, pack by Deesaster_","textures":{"hat":"sombreros:hats/witch_hat_gray_model","particle":"sombreros:hats/witch_hat_gray_model"},"elements":[{"name":"headwear","from":[3,0,3],"to":[13,2,13],"rotation":{"angle":0,"axis":"y","origin":[9,-32,8]},"faces":{"north":{"uv":[2.5,2.5,5,3],"texture":"#hat"},"east":{"uv":[0,2.5,2.5,3],"texture":"#hat"},"south":{"uv":[7.5,2.5,10,3],"texture":"#hat"},"west":{"uv":[5,2.5,7.5,3],"texture":"#hat"},"up":{"uv":[5,2.5,2.5,0],"texture":"#hat"},"down":{"uv":[7.5,0,5,2.5],"texture":"#hat"}}},{"name":"bone","from":[4.5,2,4.5],"to":[11.5,6,11.5],"rotation":{"angle":0,"axis":"x","origin":[9,-32,8]},"faces":{"north":{"uv":[1.75,4.75,3.5,5.75],"texture":"#hat"},"east":{"uv":[0,4.75,1.75,5.75],"texture":"#hat"},"south":{"uv":[5.25,4.75,7,5.75],"texture":"#hat"},"west":{"uv":[3.5,4.75,5.25,5.75],"texture":"#hat"},"up":{"uv":[3.5,4.75,1.75,3],"texture":"#hat"},"down":{"uv":[5.25,3,3.5,4.75],"texture":"#hat"}}},{"name":"bone2","from":[6,6,6],"to":[10,10,10],"rotation":{"angle":0,"axis":"x","origin":[9,-32,8]},"faces":{"north":{"uv":[1,6.75,2,7.75],"texture":"#hat"},"east":{"uv":[0,6.75,1,7.75],"texture":"#hat"},"south":{"uv":[3,6.75,4,7.75],"texture":"#hat"},"west":{"uv":[2,6.75,3,7.75],"texture":"#hat"},"up":{"uv":[2,6.75,1,5.75],"texture":"#hat"},"down":{"uv":[3,5.75,2,6.75],"texture":"#hat"}}},{"name":"bone3","from":[7.4,10,7.4],"to":[8.6,12,8.6],"rotation":{"angle":0,"axis":"x","origin":[9.2,-32,8]},"faces":{"north":{"uv":[0.25,0.25,0.5,0.75],"texture":"#hat"},"east":{"uv":[0,0.25,0.25,0.75],"texture":"#hat"},"south":{"uv":[0.75,0.25,1,0.75],"texture":"#hat"},"west":{"uv":[0.5,0.25,0.75,0.75],"texture":"#hat"},"up":{"uv":[0.5,0.25,0.25,0],"texture":"#hat"},"down":{"uv":[0.75,0,0.5,0.25],"texture":"#hat"}}}],"display":{"head":{"rotation":[0,0,0],"translation":[0,18,0],"scale":[1.75,1.75,1.75]},"gui":{"rotation":[0,180,0],"translation":[0,2,0],"scale":[1,1,1]}}}