{"credit":"MadewithBlockbench","textures":{"0":"sombreros:hats/wolf_helmet","particle":"sombreros:hats/wolf_helmet"},"elements":[{"from":[5,7,0],"to":[11,10,4],"faces":{"north":{"uv":[9.5,6.5,12.5,8],"texture":"#0"},"east":{"uv":[11.5,4.5,9.5,6],"texture":"#0"},"south":{"uv":[11,5.5,11,5.5],"texture":"#0"},"west":{"uv":[9.5,4.5,11.5,6],"texture":"#0"},"up":{"uv":[13,4.5,16,6.5],"rotation":180,"texture":"#0"},"down":{"uv":[13,6.5,16,8.5],"rotation":180,"texture":"#0"}}},{"from":[5,6,0],"to":[11,7,4],"faces":{"north":{"uv":[9.5,8,12.5,8.5],"texture":"#0"},"east":{"uv":[11.5,6,9.5,6.5],"texture":"#0"},"west":{"uv":[9.5,6,11.5,6.5],"texture":"#0"}}},{"from":[11,7,4],"to":[5,6,0],"rotation":{"angle":0,"axis":"y","origin":[14,9,12]},"faces":{"east":{"uv":[11.5,6,9.5,6.5],"rotation":180,"texture":"#0"},"south":{"uv":[9.5,8,12.5,8.5],"texture":"#0"},"west":{"uv":[9.5,6,11.5,6.5],"rotation":180,"texture":"#0"}}},{"from":[3,2,4],"to":[3,4,5],"rotation":{"angle":0,"axis":"y","origin":[11,10,12]},"faces":{"east":{"uv":[5,7,5.5,8],"texture":"#0"},"west":{"uv":[5,7,5.5,8],"texture":"#0"}}},{"from":[13,2,4],"to":[13,4,5],"rotation":{"angle":0,"axis":"y","origin":[21,10,12]},"faces":{"east":{"uv":[5,7,5.5,8],"texture":"#0"},"west":{"uv":[5,7,5.5,8],"texture":"#0"}}},{"from":[3,0,11],"to":[3,2,12],"rotation":{"angle":0,"axis":"y","origin":[11,8,19]},"faces":{"east":{"uv":[5,7,5.5,8],"texture":"#0"},"west":{"uv":[5,7,5.5,8],"texture":"#0"}}},{"from":[13,0,11],"to":[13,2,12],"rotation":{"angle":0,"axis":"y","origin":[21,8,19]},"faces":{"east":{"uv":[5,7,5.5,8],"texture":"#0"},"west":{"uv":[5,7,5.5,8],"texture":"#0"}}},{"from":[3,3,9],"to":[3,5,10],"rotation":{"angle":0,"axis":"y","origin":[11,11,17]},"faces":{"east":{"uv":[5,7,5.5,8],"texture":"#0"},"west":{"uv":[5,7,5.5,8],"texture":"#0"}}},{"from":[13,3,9],"to":[13,5,10],"rotation":{"angle":0,"axis":"y","origin":[21,11,17]},"faces":{"east":{"uv":[5,7,5.5,8],"texture":"#0"},"west":{"uv":[5,7,5.5,8],"texture":"#0"}}},{"from":[12,2,4],"to":[13,4,4],"rotation":{"angle":0,"axis":"y","origin":[20,10,-4]},"faces":{"north":{"uv":[5,7,5.5,8],"texture":"#0"},"south":{"uv":[5,7,5.5,8],"texture":"#0"}}},{"from":[3,2,4],"to":[4,4,4],"rotation":{"angle":0,"axis":"y","origin":[11,10,-4]},"faces":{"north":{"uv":[5,7,5.5,8],"texture":"#0"},"south":{"uv":[5,7,5.5,8],"texture":"#0"}}},{"from":[4,1,13],"to":[5,3,13],"rotation":{"angle":0,"axis":"y","origin":[12,9,5]},"faces":{"north":{"uv":[5,7,5.5,8],"texture":"#0"},"south":{"uv":[5,7,5.5,8],"texture":"#0"}}},{"from":[12,3,13],"to":[13,5,13],"rotation":{"angle":0,"axis":"y","origin":[20,11,5]},"faces":{"north":{"uv":[5,7,5.5,8],"texture":"#0"},"south":{"uv":[5,7,5.5,8],"texture":"#0"}}},{"from":[11,14,8.9],"to":[12,16,8.9],"rotation":{"angle":0,"axis":"y","origin":[19,22,1]},"faces":{"north":{"uv":[5,8,5.5,9],"texture":"#0"},"south":{"uv":[5,8,5.5,9],"texture":"#0"}}},{"from":[4,14,8.9],"to":[5,16,8.9],"rotation":{"angle":0,"axis":"y","origin":[12,22,1]},"faces":{"north":{"uv":[5,8,5.5,9],"texture":"#0"},"south":{"uv":[5,8,5.5,9],"texture":"#0"}}},{"from":[5,10.05,0],"to":[11,10.05,4],"rotation":{"angle":0,"axis":"y","origin":[13,18,8]},"faces":{"up":{"uv":[13,8.5,16,10.5],"rotation":180,"texture":"#0","tintindex":0},"down":{"uv":[13,8.5,16,10.5],"texture":"#0","tintindex":0}}},{"from":[3,0,4],"to":[13,14,13],"faces":{"north":{"uv":[0,0,5,7],"texture":"#0","tintindex":0},"east":{"uv":[9.5,0,5,7],"texture":"#0","tintindex":0},"south":{"uv":[0,7,5,14],"texture":"#0","tintindex":0},"west":{"uv":[5,0,9.5,7],"texture":"#0","tintindex":0},"up":{"uv":[9.5,0,14.5,4.5],"rotation":180,"texture":"#0","tintindex":0}}},{"from":[13,14,13],"to":[3,0,4],"faces":{"north":{"uv":[5,7,0,14],"rotation":180,"texture":"#0","tintindex":0},"east":{"uv":[9.5,0,5,7],"rotation":180,"texture":"#0","tintindex":0},"south":{"uv":[0,0,5,7],"rotation":180,"texture":"#0","tintindex":0},"west":{"uv":[5,0,9.5,7],"rotation":180,"texture":"#0","tintindex":0},"down":{"uv":[9.5,0,14.5,4.5],"rotation":180,"texture":"#0","tintindex":0}}},{"from":[3,14,9],"to":[6,17,10],"faces":{"north":{"uv":[13,4.5,11.5,6],"texture":"#0","tintindex":0},"east":{"uv":[12.5,4.5,13,6],"texture":"#0","tintindex":0},"south":{"uv":[0,0,1.5,1.5],"texture":"#0","tintindex":0},"west":{"uv":[11.5,4.5,12,6],"texture":"#0","tintindex":0},"up":{"uv":[13,4.5,11.5,5],"rotation":180,"texture":"#0","tintindex":0}}},{"from":[10,14,9],"to":[13,17,10],"faces":{"north":{"uv":[11.5,4.5,13,6],"texture":"#0","tintindex":0},"east":{"uv":[11.5,4.5,12,6],"texture":"#0","tintindex":0},"south":{"uv":[1.5,0,0,1.5],"texture":"#0","tintindex":0},"west":{"uv":[12.5,4.5,13,6],"texture":"#0","tintindex":0},"up":{"uv":[11.5,4.5,13,5],"rotation":180,"texture":"#0","tintindex":0}}}],"display":{"thirdperson_righthand":{"rotation":[45,45,0],"scale":[0.4,0.4,0.4]},"thirdperson_lefthand":{"rotation":[45,45,0],"scale":[0.4,0.4,0.4]},"firstperson_righthand":{"rotation":[0,118,0],"translation":[7.75,0,-4.75]},"firstperson_lefthand":{"rotation":[0,118,0],"translation":[7.75,0,-4.75]},"ground":{"translation":[0,2.25,0],"scale":[0.4,0.4,0.4]},"gui":{"rotation":[30,135,0],"translation":[0,-0.75,0],"scale":[0.81,0.81,0.81]},"head":{"translation":[0,3,-0.75],"scale":[1.71,1.71,1.71]},"fixed":{"translation":[0,-2,-4],"scale":[2,2,2]}}}