{"providers":[{"file":"char/black.png","chars":[""],"height":1,"ascent":-5000,"type":"bitmap"},{"file":"char/black.png","chars":[""],"height":2,"ascent":-5000,"type":"bitmap"},{"file":"char/black.png","chars":[""],"height":3,"ascent":-5000,"type":"bitmap"},{"file":"char/black.png","chars":[""],"height":4,"ascent":-5000,"type":"bitmap"},{"file":"char/black.png","chars":[""],"height":5,"ascent":-5000,"type":"bitmap"},{"file":"char/black.png","chars":[""],"height":6,"ascent":-5000,"type":"bitmap"},{"file":"char/black.png","chars":[""],"height":7,"ascent":-5000,"type":"bitmap"},{"file":"char/black.png","chars":[""],"height":15,"ascent":-5000,"type":"bitmap"},{"file":"char/black.png","chars":[""],"height":31,"ascent":-5000,"type":"bitmap"},{"file":"char/black.png","chars":[""],"height":63,"ascent":-5000,"type":"bitmap"},{"file":"char/black.png","chars":[""],"height":127,"ascent":-5000,"type":"bitmap"},{"file":"char/black.png","chars":[""],"height":256,"ascent":-5000,"type":"bitmap"},{"file":"char/black.png","chars":[""],"height":512,"ascent":-5000,"type":"bitmap"},{"file":"char/black.png","chars":[""],"height":1024,"ascent":-5000,"type":"bitmap"},{"file":"char/black.png","chars":[""],"height":-3,"ascent":-5000,"type":"bitmap"},{"file":"char/black.png","chars":[""],"height":-4,"ascent":-5000,"type":"bitmap"},{"file":"char/black.png","chars":[""],"height":-5,"ascent":-5000,"type":"bitmap"},{"file":"char/black.png","chars":[""],"height":-6,"ascent":-5000,"type":"bitmap"},{"file":"char/black.png","chars":[""],"height":-7,"ascent":-5000,"type":"bitmap"},{"file":"char/black.png","chars":[""],"height":-8,"ascent":-5000,"type":"bitmap"},{"file":"char/black.png","chars":[""],"height":-9,"ascent":-5000,"type":"bitmap"},{"file":"char/black.png","chars":[""],"height":-10,"ascent":-5000,"type":"bitmap"},{"file":"char/black.png","chars":[""],"height":-18,"ascent":-5000,"type":"bitmap"},{"file":"char/black.png","chars":[""],"height":-34,"ascent":-5000,"type":"bitmap"},{"file":"char/black.png","chars":[""],"height":-66,"ascent":-5000,"type":"bitmap"},{"file":"char/black.png","chars":[""],"height":-130,"ascent":-5000,"type":"bitmap"},{"file":"char/black.png","chars":[""],"height":-259,"ascent":-5000,"type":"bitmap"},{"file":"char/black.png","chars":[""],"height":-515,"ascent":-5000,"type":"bitmap"},{"file":"char/black.png","chars":[""],"height":-1027,"ascent":-5000,"type":"bitmap"},{"file":"rtp:all.png","chars":[""],"height":255,"ascent":47,"type":"bitmap"},{"file":"_iainternal:gui/no_recipe.png","chars":[""],"height":170,"ascent":47,"type":"bitmap"},{"file":"_iainternal:gui/crafting.png","chars":[""],"height":170,"ascent":47,"type":"bitmap"},{"file":"_iainternal:gui/cooking.png","chars":[""],"height":170,"ascent":47,"type":"bitmap"},{"file":"_iainternal:gui/blank_menu.png","chars":[""],"height":170,"ascent":47,"type":"bitmap"},{"file":"_iainternal:gui/anvil_repair.png","chars":[""],"height":170,"ascent":47,"type":"bitmap"},{"file":"_iainternal:gui/smithing.png","chars":[""],"height":170,"ascent":47,"type":"bitmap"},{"file":"items:totems/totem_1.png","chars":[""],"height":9,"ascent":8,"type":"bitmap"},{"file":"items:totems/totem_2.png","chars":[""],"height":9,"ascent":8,"type":"bitmap"},{"file":"items:totems/totem_air.png","chars":[""],"height":9,"ascent":8,"type":"bitmap"},{"file":"items:totems/totem_allay.png","chars":[""],"height":9,"ascent":8,"type":"bitmap"},{"file":"items:totems/totem_aqua.png","chars":[""],"height":9,"ascent":8,"type":"bitmap"},{"file":"items:totems/totem_armor.png","chars":[""],"height":9,"ascent":8,"type":"bitmap"},{"file":"items:totems/totem_attack.png","chars":[""],"height":9,"ascent":8,"type":"bitmap"},{"file":"items:totems/totem_earth.png","chars":[""],"height":9,"ascent":8,"type":"bitmap"},{"file":"items:totems/totem_fire.png","chars":[""],"height":9,"ascent":8,"type":"bitmap"},{"file":"items:totems/totem_health.png","chars":[""],"height":9,"ascent":8,"type":"bitmap"},{"file":"items:totems/totem_of_undying.png","chars":[""],"height":9,"ascent":8,"type":"bitmap"},{"file":"items:totems/totem_regen.png","chars":[""],"height":9,"ascent":8,"type":"bitmap"},{"file":"enchants:targets/sword.png","chars":["➊"],"height":11,"ascent":8,"type":"bitmap"},{"file":"enchants:targets/crossbow.png","chars":["➋"],"height":11,"ascent":8,"type":"bitmap"},{"file":"enchants:targets/shovel.png","chars":["➌"],"height":11,"ascent":8,"type":"bitmap"},{"file":"enchants:targets/axe.png","chars":["➍"],"height":11,"ascent":8,"type":"bitmap"},{"file":"enchants:targets/leggings.png","chars":["➎"],"height":11,"ascent":8,"type":"bitmap"},{"file":"enchants:targets/elytra.png","chars":["➏"],"height":11,"ascent":8,"type":"bitmap"},{"file":"enchants:targets/hoe.png","chars":["➐"],"height":11,"ascent":8,"type":"bitmap"},{"file":"enchants:targets/shield.png","chars":["➑"],"height":11,"ascent":8,"type":"bitmap"},{"file":"enchants:targets/pickaxe.png","chars":["➒"],"height":11,"ascent":8,"type":"bitmap"},{"file":"enchants:targets/bow.png","chars":["➓"],"height":11,"ascent":8,"type":"bitmap"},{"file":"enchants:targets/helmet.png","chars":["⓵"],"height":11,"ascent":8,"type":"bitmap"},{"file":"enchants:targets/boots.png","chars":["⓶"],"height":11,"ascent":8,"type":"bitmap"},{"file":"enchants:targets/chestplate.png","chars":["⓷"],"height":11,"ascent":8,"type":"bitmap"},{"file":"enchants:targets/trident.png","chars":["⓸"],"height":11,"ascent":8,"type":"bitmap"},{"file":"enchants:targets/fishing_rod.png","chars":["⓹"],"height":11,"ascent":8,"type":"bitmap"},{"file":"enchants:targets/carrot_on_a_stick.png","chars":[""],"height":11,"ascent":8,"type":"bitmap"},{"file":"enchants:targets/shears.png","chars":[""],"height":11,"ascent":8,"type":"bitmap"},{"file":"enchants:targets/flint_and_steel.png","chars":[""],"height":11,"ascent":8,"type":"bitmap"},{"file":"betterranks:menus/jobs.png","chars":["𝓐"],"height":19,"ascent":16,"type":"bitmap"},{"file":"betterranks:menus/artmap.png","chars":["𝓑"],"height":19,"ascent":16,"type":"bitmap"},{"file":"betterranks:menus/enchants.png","chars":["𝓒"],"height":19,"ascent":16,"type":"bitmap"},{"file":"betterranks:menus/pv.png","chars":["𝓓"],"height":19,"ascent":16,"type":"bitmap"},{"file":"betterranks:menus/rankup.png","chars":["𝓔"],"height":19,"ascent":16,"type":"bitmap"},{"file":"betterranks:menus/tokenshop.png","chars":["𝓕"],"height":19,"ascent":16,"type":"bitmap"},{"file":"betterranks:menus/shop.png","chars":["𝓖"],"height":19,"ascent":16,"type":"bitmap"},{"file":"betterranks:menus/help.png","chars":["𝓗"],"height":19,"ascent":16,"type":"bitmap"},{"file":"betterranks:menus/estadisticas.png","chars":["𝓘"],"height":19,"ascent":16,"type":"bitmap"},{"file":"betterranks:menus/marry.png","chars":["𝓙"],"height":19,"ascent":16,"type":"bitmap"},{"file":"betterranks:menus/menu.png","chars":["𝓚"],"height":19,"ascent":16,"type":"bitmap"},{"file":"betterranks:menus/prote.png","chars":["𝓛"],"height":19,"ascent":16,"type":"bitmap"},{"file":"betterranks:menus/redes.png","chars":["𝓜"],"height":19,"ascent":16,"type":"bitmap"},{"file":"betterranks:menus/teletrans.png","chars":["𝓝"],"height":19,"ascent":16,"type":"bitmap"},{"file":"betterranks:menus/track.png","chars":["𝓞"],"height":19,"ascent":16,"type":"bitmap"},{"file":"betterranks:menus/warps.png","chars":["𝓟"],"height":19,"ascent":16,"type":"bitmap"},{"file":"betterranks:menus/quests.png","chars":["𝓠"],"height":19,"ascent":16,"type":"bitmap"},{"file":"betterranks:menus/tags.png","chars":["𝓡"],"height":19,"ascent":16,"type":"bitmap"},{"file":"betterranks:menus/gradients.png","chars":["𝓢"],"height":19,"ascent":16,"type":"bitmap"},{"file":"betterranks:menus/coinflip.png","chars":["𝓣"],"height":19,"ascent":16,"type":"bitmap"},{"file":"betterranks:menus/skills.png","chars":["𝓤"],"height":19,"ascent":16,"type":"bitmap"},{"file":"betterranks:menus/kits.png","chars":["𝓥"],"height":19,"ascent":16,"type":"bitmap"},{"file":"betterranks:menus/cosmetics.png","chars":["𝓦"],"height":19,"ascent":16,"type":"bitmap"},{"file":"betterranks:menus/clan.png","chars":["𝓧"],"height":19,"ascent":16,"type":"bitmap"},{"file":"betterranks:menus/loteria.png","chars":["𝓨"],"height":19,"ascent":16,"type":"bitmap"},{"file":"betterranks:menus/duels.png","chars":["𝓩"],"height":19,"ascent":16,"type":"bitmap"},{"file":"betterranks:menus/ah.png","chars":["𝓪"],"height":19,"ascent":16,"type":"bitmap"},{"file":"betterranks:menus/recompensas.png","chars":["ą"],"height":19,"ascent":16,"type":"bitmap"},{"file":"betterranks:menus/bebidas.png","chars":["ㄶ"],"height":19,"ascent":16,"type":"bitmap"},{"file":"betterranks:pe.png","chars":["𒌲"],"height":45,"ascent":20,"type":"bitmap"},{"file":"betterranks:airdrops.png","chars":["𒌒"],"height":45,"ascent":20,"type":"bitmap"},{"file":"betterranks:survival.png","chars":["𒎗"],"height":115,"ascent":58,"type":"bitmap"},{"file":"betterranks:thedragontop.png","chars":["𓀷"],"height":9,"ascent":8,"type":"bitmap"},{"file":"betterranks:enderdragon.png","chars":["𓀵"],"height":45,"ascent":20,"type":"bitmap"},{"file":"betterranks:koth.png","chars":["𓀶"],"height":65,"ascent":20,"type":"bitmap"},{"file":"betterranks:elevator.png","chars":["𓀲"],"height":15,"ascent":10,"type":"bitmap"},{"file":"betterranks:broadcast.png","chars":[""],"height":45,"ascent":20,"type":"bitmap"},{"file":"betterranks:lovykey.png","chars":["𓀙"],"height":20,"ascent":15,"type":"bitmap"},{"file":"betterranks:legendariakey.png","chars":["𓀚"],"height":20,"ascent":15,"type":"bitmap"},{"file":"betterranks:epicakey.png","chars":["𓀛"],"height":20,"ascent":15,"type":"bitmap"},{"file":"betterranks:comunkey.png","chars":["𓀜"],"height":20,"ascent":15,"type":"bitmap"},{"file":"betterranks:misticakey.png","chars":["𓀝"],"height":20,"ascent":15,"type":"bitmap"},{"file":"betterranks:spawnerkey.png","chars":["𓀞"],"height":20,"ascent":15,"type":"bitmap"},{"file":"betterranks:ore4.png","chars":[""],"height":20,"ascent":15,"type":"bitmap"},{"file":"betterranks:ore3.png","chars":[""],"height":20,"ascent":15,"type":"bitmap"},{"file":"betterranks:ore2.png","chars":[""],"height":20,"ascent":15,"type":"bitmap"},{"file":"betterranks:ore.png","chars":[""],"height":20,"ascent":15,"type":"bitmap"},{"file":"betterranks:tiktok.png","chars":[""],"height":10,"ascent":8,"type":"bitmap"},{"file":"betterranks:youtube.png","chars":[""],"height":10,"ascent":8,"type":"bitmap"},{"file":"betterranks:twitch.png","chars":[""],"height":10,"ascent":8,"type":"bitmap"},{"file":"betterranks:chestblack.png","chars":["𓀡"],"height":10,"ascent":8,"type":"bitmap"},{"file":"betterranks:chestcolor.png","chars":["𓀠"],"height":10,"ascent":8,"type":"bitmap"},{"file":"betterranks:rq.png","chars":["㊉"],"height":10,"ascent":8,"type":"bitmap"},{"file":"betterranks:r15.png","chars":["㊘"],"height":10,"ascent":8,"type":"bitmap"},{"file":"betterranks:r14.png","chars":["㊗"],"height":10,"ascent":8,"type":"bitmap"},{"file":"betterranks:r13.png","chars":["㊖"],"height":10,"ascent":8,"type":"bitmap"},{"file":"betterranks:r12.png","chars":["㊕"],"height":10,"ascent":8,"type":"bitmap"},{"file":"betterranks:r11.png","chars":["㊔"],"height":10,"ascent":8,"type":"bitmap"},{"file":"betterranks:r10.png","chars":["㊓"],"height":10,"ascent":8,"type":"bitmap"},{"file":"betterranks:r9.png","chars":["㊒"],"height":10,"ascent":8,"type":"bitmap"},{"file":"betterranks:r8.png","chars":["㊑"],"height":10,"ascent":8,"type":"bitmap"},{"file":"betterranks:r7.png","chars":["㊐"],"height":10,"ascent":8,"type":"bitmap"},{"file":"betterranks:r6.png","chars":["㊏"],"height":10,"ascent":8,"type":"bitmap"},{"file":"betterranks:r5.png","chars":["㊎"],"height":10,"ascent":8,"type":"bitmap"},{"file":"betterranks:r4.png","chars":["㊍"],"height":10,"ascent":8,"type":"bitmap"},{"file":"betterranks:r3.png","chars":["㊌"],"height":10,"ascent":8,"type":"bitmap"},{"file":"betterranks:r2.png","chars":["㊋"],"height":10,"ascent":8,"type":"bitmap"},{"file":"betterranks:r1.png","chars":["㊊"],"height":10,"ascent":8,"type":"bitmap"},{"file":"betterranks:d1.png","chars":[""],"height":10,"ascent":8,"type":"bitmap"},{"file":"betterranks:d2.png","chars":[""],"height":10,"ascent":8,"type":"bitmap"},{"file":"betterranks:d3.png","chars":[""],"height":10,"ascent":8,"type":"bitmap"},{"file":"betterranks:d4.png","chars":[""],"height":10,"ascent":8,"type":"bitmap"},{"file":"betterranks:book2.png","chars":["𓀘"],"height":16,"ascent":12,"type":"bitmap"},{"file":"betterranks:ticket.png","chars":["𓀗"],"height":10,"ascent":8,"type":"bitmap"},{"file":"betterranks:compass.png","chars":["𓀔"],"height":16,"ascent":12,"type":"bitmap"},{"file":"betterranks:diamond.png","chars":[""],"height":18,"ascent":13,"type":"bitmap"},{"file":"betterranks:netherite.png","chars":[""],"height":18,"ascent":13,"type":"bitmap"},{"file":"betterranks:gold.png","chars":[""],"height":18,"ascent":13,"type":"bitmap"},{"file":"betterranks:emerald.png","chars":[""],"height":18,"ascent":13,"type":"bitmap"},{"file":"betterranks:nether_brick.png","chars":[""],"height":18,"ascent":13,"type":"bitmap"},{"file":"betterranks:iron.png","chars":[""],"height":18,"ascent":13,"type":"bitmap"},{"file":"betterranks:brick.png","chars":[""],"height":18,"ascent":13,"type":"bitmap"},{"file":"betterranks:copper.png","chars":[""],"height":18,"ascent":13,"type":"bitmap"},{"file":"betterranks:amethyst.png","chars":[""],"height":18,"ascent":13,"type":"bitmap"},{"file":"betterranks:large_amethyst.png","chars":[""],"height":25,"ascent":23,"type":"bitmap"},{"file":"betterranks:prismarine_shard.png","chars":[""],"height":18,"ascent":13,"type":"bitmap"},{"file":"betterranks:netherite_scrap.png","chars":[""],"height":18,"ascent":13,"type":"bitmap"},{"file":"betterranks:quartz.png","chars":[""],"height":18,"ascent":13,"type":"bitmap"},{"file":"betterranks:guild.png","chars":[""],"height":9,"ascent":8,"type":"bitmap"},{"file":"betterranks:star.png","chars":[""],"height":9,"ascent":8,"type":"bitmap"},{"file":"betterranks:marryemoji.png","chars":[""],"height":9,"ascent":8,"type":"bitmap"},{"file":"betterranks:world.png","chars":[""],"height":9,"ascent":8,"type":"bitmap"},{"file":"betterranks:nametag.png","chars":[""],"height":10,"ascent":8,"type":"bitmap"},{"file":"betterranks:money.png","chars":[""],"height":10,"ascent":8,"type":"bitmap"},{"file":"betterranks:notice.png","chars":[""],"height":10,"ascent":8,"type":"bitmap"},{"file":"betterranks:pushpin.png","chars":["𓀟"],"height":10,"ascent":8,"type":"bitmap"},{"file":"betterranks:pinata.png","chars":[""],"height":10,"ascent":8,"type":"bitmap"},{"file":"betterranks:rayo.png","chars":[""],"height":10,"ascent":8,"type":"bitmap"},{"file":"betterranks:stats.png","chars":[""],"height":10,"ascent":8,"type":"bitmap"},{"file":"betterranks:feather.png","chars":[""],"height":10,"ascent":8,"type":"bitmap"},{"file":"betterranks:book.png","chars":[""],"height":10,"ascent":8,"type":"bitmap"},{"file":"betterranks:shield.png","chars":[""],"height":10,"ascent":8,"type":"bitmap"},{"file":"betterranks:knife.png","chars":[""],"height":10,"ascent":8,"type":"bitmap"},{"file":"betterranks:heart.png","chars":[""],"height":10,"ascent":8,"type":"bitmap"},{"file":"betterranks:builder.png","chars":["𓀓"],"height":9,"ascent":8,"type":"bitmap"},{"file":"betterranks:admin.png","chars":["𓀳"],"height":9,"ascent":8,"type":"bitmap"},{"file":"betterranks:ayudante.png","chars":["𓀒"],"height":9,"ascent":8,"type":"bitmap"},{"file":"betterranks:galaxy.png","chars":["𓀑"],"height":9,"ascent":8,"type":"bitmap"},{"file":"betterranks:jupiter.png","chars":["𓀐"],"height":9,"ascent":8,"type":"bitmap"},{"file":"betterranks:dev.png","chars":["𒆁"],"height":9,"ascent":8,"type":"bitmap"},{"file":"betterranks:lovy.png","chars":["𓀏"],"height":9,"ascent":8,"type":"bitmap"},{"file":"betterranks:manager.png","chars":["𓀎"],"height":9,"ascent":8,"type":"bitmap"},{"file":"betterranks:marte.png","chars":["𓀍"],"height":9,"ascent":8,"type":"bitmap"},{"file":"betterranks:modplus.png","chars":["𓀌"],"height":9,"ascent":8,"type":"bitmap"},{"file":"betterranks:mod.png","chars":["𓀋"],"height":9,"ascent":8,"type":"bitmap"},{"file":"betterranks:owner.png","chars":["𓀊"],"height":9,"ascent":8,"type":"bitmap"},{"file":"betterranks:pasante.png","chars":["𓀉"],"height":9,"ascent":8,"type":"bitmap"},{"file":"betterranks:venus.png","chars":["𓀈"],"height":9,"ascent":8,"type":"bitmap"},{"file":"betterranks:famoso.png","chars":["𓀇"],"height":9,"ascent":8,"type":"bitmap"},{"file":"betterranks:partner.png","chars":["𓀆"],"height":9,"ascent":8,"type":"bitmap"},{"file":"betterranks:streamer.png","chars":["𓀅"],"height":9,"ascent":8,"type":"bitmap"},{"file":"betterranks:tiktoker.png","chars":["𓀄"],"height":9,"ascent":8,"type":"bitmap"},{"file":"betterranks:youtuber.png","chars":["𓀃"],"height":9,"ascent":8,"type":"bitmap"},{"file":"betterranks:mistico.png","chars":["𓀣"],"height":9,"ascent":8,"type":"bitmap"},{"file":"betterranks:comun.png","chars":["𓀦"],"height":9,"ascent":8,"type":"bitmap"},{"file":"betterranks:epico.png","chars":["𓀯"],"height":9,"ascent":8,"type":"bitmap"},{"file":"betterranks:extremo.png","chars":["𓀤"],"height":9,"ascent":8,"type":"bitmap"},{"file":"betterranks:legendario.png","chars":["𓀥"],"height":9,"ascent":8,"type":"bitmap"},{"file":"betterranks:natural.png","chars":["𓀰"],"height":9,"ascent":8,"type":"bitmap"},{"file":"betterranks:nether.png","chars":["𓀮"],"height":9,"ascent":8,"type":"bitmap"},{"file":"betterranks:raro.png","chars":["𓀱"],"height":9,"ascent":8,"type":"bitmap"},{"file":"betterranks:npc.png","chars":[""],"height":9,"ascent":8,"type":"bitmap"},{"file":"betterranks:npc_1.png","chars":[""],"height":9,"ascent":8,"type":"bitmap"},{"file":"betterranks:npc_2.png","chars":[""],"height":9,"ascent":8,"type":"bitmap"},{"file":"betterranks:usuario.png","chars":["𓀂"],"height":9,"ascent":8,"type":"bitmap"},{"file":"betterranks:afk.png","chars":["𓀁"],"height":9,"ascent":8,"type":"bitmap"},{"file":"betterranks:vip.png","chars":["見"],"height":9,"ascent":8,"type":"bitmap"},{"file":"betterranks:vipno.png","chars":["吉"],"height":9,"ascent":8,"type":"bitmap"},{"file":"betterranks:config.png","chars":["𓀕"],"height":9,"ascent":8,"type":"bitmap"},{"file":"betterranks:vanish.png","chars":["𓀢"],"height":9,"ascent":8,"type":"bitmap"},{"file":"betterranks:ecomun.png","chars":["⑴"],"height":9,"ascent":8,"type":"bitmap"},{"file":"betterranks:eexotico.png","chars":["⑵"],"height":9,"ascent":8,"type":"bitmap"},{"file":"betterranks:elegendario.png","chars":["③"],"height":9,"ascent":8,"type":"bitmap"},{"file":"betterranks:eraro.png","chars":["⑷"],"height":9,"ascent":8,"type":"bitmap"},{"file":"betterranks:sheet.png","chars":["𓀧"],"height":9,"ascent":8,"type":"bitmap"},{"file":"betterranks:cloud.png","chars":["𓀨"],"height":9,"ascent":8,"type":"bitmap"},{"file":"betterranks:flame.png","chars":["𓀩"],"height":9,"ascent":8,"type":"bitmap"},{"file":"betterranks:snow.png","chars":["𓀪"],"height":9,"ascent":8,"type":"bitmap"},{"file":"betterranks:potion.png","chars":["𓀫"],"height":9,"ascent":8,"type":"bitmap"},{"file":"betterranks:exclusivo.png","chars":["𓀭"],"height":9,"ascent":8,"type":"bitmap"},{"file":"betterranks:mitico.png","chars":["𓀬"],"height":9,"ascent":8,"type":"bitmap"},{"file":"betterranks:minist.png","chars":["㊰"],"height":9,"ascent":8,"type":"bitmap"},{"file":"betterranks:miniyt.png","chars":["㊯"],"height":9,"ascent":8,"type":"bitmap"},{"file":"_iainternal:hud/small_cooldown_bar/0.png","chars":[""],"height":22,"ascent":-42,"type":"bitmap"},{"file":"_iainternal:hud/small_cooldown_bar/1.png","chars":[""],"height":22,"ascent":-42,"type":"bitmap"},{"file":"_iainternal:hud/small_cooldown_bar/2.png","chars":[""],"height":22,"ascent":-42,"type":"bitmap"},{"file":"_iainternal:hud/small_cooldown_bar/3.png","chars":[""],"height":22,"ascent":-42,"type":"bitmap"},{"file":"_iainternal:hud/small_cooldown_bar/4.png","chars":[""],"height":22,"ascent":-42,"type":"bitmap"},{"file":"_iainternal:hud/small_cooldown_bar/5.png","chars":[""],"height":22,"ascent":-42,"type":"bitmap"},{"file":"_iainternal:hud/small_cooldown_bar/6.png","chars":[""],"height":22,"ascent":-42,"type":"bitmap"},{"file":"_iainternal:hud/small_cooldown_bar/7.png","chars":[""],"height":22,"ascent":-42,"type":"bitmap"},{"file":"_iainternal:hud/small_cooldown_bar/8.png","chars":[""],"height":22,"ascent":-42,"type":"bitmap"},{"file":"_iainternal:hud/small_cooldown_bar/9.png","chars":[""],"height":22,"ascent":-42,"type":"bitmap"},{"file":"_iainternal:hud/small_cooldown_bar/10.png","chars":[""],"height":22,"ascent":-42,"type":"bitmap"},{"file":"_iainternal:hud/small_cooldown_bar/11.png","chars":[""],"height":22,"ascent":-42,"type":"bitmap"},{"file":"_iainternal:hud/small_cooldown_bar/12.png","chars":[""],"height":22,"ascent":-42,"type":"bitmap"},{"file":"_iainternal:hud/small_cooldown_bar/13.png","chars":[""],"height":22,"ascent":-42,"type":"bitmap"},{"file":"_iainternal:hud/small_cooldown_bar/14.png","chars":[""],"height":22,"ascent":-42,"type":"bitmap"},{"file":"_iainternal:hud/small_cooldown_bar/15.png","chars":[""],"height":22,"ascent":-42,"type":"bitmap"},{"file":"_iainternal:hud/small_cooldown_bar/16.png","chars":[""],"height":22,"ascent":-42,"type":"bitmap"},{"file":"_iainternal:hud/small_cooldown_bar/17.png","chars":[""],"height":22,"ascent":-42,"type":"bitmap"},{"file":"_iainternal:hud/small_cooldown_bar/18.png","chars":[""],"height":22,"ascent":-42,"type":"bitmap"},{"file":"_iainternal:hud/small_cooldown_bar/19.png","chars":[""],"height":22,"ascent":-42,"type":"bitmap"},{"file":"_iainternal:hud/small_cooldown_bar/20.png","chars":[""],"height":22,"ascent":-42,"type":"bitmap"},{"type":"bitmap","file":"minecraft:font/emojis.png","ascent":7,"height":8,"chars":["ꌵꌶꌷꌸꌹ臜爟灿辉煓耀数舡舾舸艋咭嘻嘭喤嗥","ꌺꌻꌼꌽꌾ胝爅烟煨焯煺熵艇舲艅舴唣噢响咱哝","ꌿꍀꍁꍂꍃ胍炷炕炆熥熇焞舱虒舭鸼啾咯咚呼哌","ꍄꍅꍆꍇꍈ脾爙燧焙炫土埘咎篙舠艉唾听噬叽哚","ꍉꍊꍋꍌ섰舀声坦垾堤埸堨簇笠艨艏嘚吒吽哦兄","ꍍꍎꍏꍐꍑ腴塌垠墁冉堋埒艚舢篱航嗅呱啤嗖唆","ꍒꍓꍔꍕꍖ膊壳觳悫坥壸垌舫舻艟舷嘛嘁哞喊吮","ꍗꍘꍙꍚꍛ朘壹垺坝坰壶坍戈、丶良啷哺吠咙咏","ꍜꍝꍞꍟꍠ脏赫赭郝赦坋赧宀塱鵏郙唉咍唳叶嘟","ꍡꍢꍣꍤꍥ脯丧增啬赪坡榖能翩廞床嗔哱嗦嚓喃","鄀鄁鄂鄐鄑胈寺块瞽墚馨鼙术麻糜黁嚏囔味吱咤","鄒鄓鄔鄕鄖胧磬罄謦埫縠垙麽麾魔靡喀戢嘲哮喧","鄗鄘鄙鄚鄿脉款垱圭堎墙封磨摩书縻咛啶嗜哓嘧","縢塍螣腾媵消垚邽恚卦垧垍昶盚皴姿嗐咕噻喷嘹","肚氍貔腯貊盍墦坂垎塮圲塅裘禔视祖咴喹呔唏唵","貆肌冗股貅埌埵圻垢甏坼垛禅社祾祛咦愍啭另叻","豹胜貂貘见圹圫埠坻坬埤去禧卬睾鷭跗踟跄趵跸","莙节茝蓼荨荩薜苣芑井并並荆苷萁葚瓶鹢善荓蒴","岣崿岷崌岖嶍岠岂屺崛嵘崂嵌嵁酆嵯嵫嶟出屾觊","族施旎旗於旒鸬避旞立音竟章意竭遒亲竦产飒坢","迟旃旌旄旅旆放旖旐旋婁婄婅ꑝ娿囁囂囃囄囅囈"]}]}