{"parent":"item/generated","textures":{"layer0":"item/crossbow_standby"},"display":{"thirdperson_righthand":{"rotation":[-90,0,-60],"translation":[2,0.1,-3],"scale":[1.0,1.0,1.0]},"thirdperson_lefthand":{"rotation":[-90,0,30],"translation":[2,0.1,-3],"scale":[1.0,1.0,1.0]},"firstperson_righthand":{"rotation":[-90,0,-55],"translation":[1.13,3.2,1.13],"scale":[1.0,1.0,1.0]},"firstperson_lefthand":{"rotation":[-90,0,35],"translation":[1.13,3.2,1.13],"scale":[1.0,1.0,1.0]},"ground":{"rotation":[0,0,0],"translation":[0,0,0],"scale":[1.0,1.0,1.0]},"fixed":{"rotation":[0,0,0],"translation":[0,0,0],"scale":[6.0,6.0,1.5]},"gui":{"rotation":[0,0,0],"translation":[0,0,0],"scale":[1.0,1.0,1.0]}},"overrides":[{"predicate":{"pulling":1},"model":"item/crossbow_pulling_0"},{"predicate":{"pulling":1,"pull":0.58},"model":"item/crossbow_pulling_1"},{"predicate":{"pulling":1,"pull":1.0},"model":"item/crossbow_pulling_2"},{"predicate":{"charged":1},"model":"item/crossbow_arrow"},{"predicate":{"charged":1,"firework":1},"model":"item/crossbow_firework"},{"predicate":{"pulling":1},"model":"item/crossbow_pulling_0"},{"predicate":{"pulling":1,"pull":0.58},"model":"item/crossbow_pulling_1"},{"predicate":{"pulling":1,"pull":1.0},"model":"item/crossbow_pulling_2"},{"predicate":{"charged":1},"model":"item/crossbow_arrow"},{"predicate":{"charged":1,"firework":1},"model":"item/crossbow_firework"},{"predicate":{"custom_model_data":10000},"model":"items:moon/moon_crossbow"},{"predicate":{"pulling":1,"custom_model_data":10000},"model":"items:moon/moon_crossbow_0"},{"predicate":{"pulling":1,"pull":0.58,"custom_model_data":10000},"model":"items:moon/moon_crossbow_1"},{"predicate":{"pulling":1,"pull":1.0,"custom_model_data":10000},"model":"items:moon/moon_crossbow_2"},{"predicate":{"charged":1,"custom_model_data":10000},"model":"items:moon/moon_crossbow_charged"},{"predicate":{"charged":1,"firework":1,"custom_model_data":10000},"model":"items:moon/moon_crossbow_firework"},{"predicate":{"custom_model_data":10004},"model":"items:steampunk_crossbow/electrofield_crossbow"},{"predicate":{"pulling":1,"custom_model_data":10004},"model":"items:steampunk_crossbow/electrofield_crossbow_0"},{"predicate":{"pulling":1,"pull":0.58,"custom_model_data":10004},"model":"items:steampunk_crossbow/electrofield_crossbow_1"},{"predicate":{"pulling":1,"pull":1.0,"custom_model_data":10004},"model":"items:steampunk_crossbow/electrofield_crossbow_2"},{"predicate":{"charged":1,"custom_model_data":10004},"model":"items:steampunk_crossbow/electrofield_crossbow_charged"},{"predicate":{"charged":1,"firework":1,"custom_model_data":10004},"model":"items:steampunk_crossbow/electrofield_crossbow_firework"},{"predicate":{"custom_model_data":10005},"model":"items:steampunk_crossbow/involved_electrofield_crossbow"},{"predicate":{"pulling":1,"custom_model_data":10005},"model":"items:steampunk_crossbow/involved_electrofield_crossbow_0"},{"predicate":{"pulling":1,"pull":0.58,"custom_model_data":10005},"model":"items:steampunk_crossbow/involved_electrofield_crossbow_1"},{"predicate":{"pulling":1,"pull":1.0,"custom_model_data":10005},"model":"items:steampunk_crossbow/involved_electrofield_crossbow_2"},{"predicate":{"charged":1,"custom_model_data":10005},"model":"items:steampunk_crossbow/involved_electrofield_crossbow_charged"},{"predicate":{"charged":1,"firework":1,"custom_model_data":10005},"model":"items:steampunk_crossbow/involved_electrofield_crossbow_firework"},{"predicate":{"custom_model_data":10006},"model":"items:steampunk_crossbow/prestige_electrofield_crossbow"},{"predicate":{"pulling":1,"custom_model_data":10006},"model":"items:steampunk_crossbow/prestige_electrofield_crossbow_0"},{"predicate":{"pulling":1,"pull":0.58,"custom_model_data":10006},"model":"items:steampunk_crossbow/prestige_electrofield_crossbow_1"},{"predicate":{"pulling":1,"pull":1.0,"custom_model_data":10006},"model":"items:steampunk_crossbow/prestige_electrofield_crossbow_2"},{"predicate":{"charged":1,"custom_model_data":10006},"model":"items:steampunk_crossbow/prestige_electrofield_crossbow_charged"},{"predicate":{"charged":1,"firework":1,"custom_model_data":10006},"model":"items:steampunk_crossbow/prestige_electrofield_crossbow_firework"},{"predicate":{"custom_model_data":10007},"model":"nexusset:crossbow"},{"predicate":{"pulling":1,"custom_model_data":10007},"model":"nexusset:crossbow_0"},{"predicate":{"pulling":1,"pull":0.58,"custom_model_data":10007},"model":"nexusset:crossbow_1"},{"predicate":{"pulling":1,"pull":1.0,"custom_model_data":10007},"model":"nexusset:crossbow_2"},{"predicate":{"charged":1,"custom_model_data":10007},"model":"nexusset:crossbow_charged"},{"predicate":{"charged":1,"firework":1,"custom_model_data":10007},"model":"nexusset:crossbow_firework"},{"predicate":{"custom_model_data":57500},"model":"dwarf_model/dwarf_crossbow_standby"},{"predicate":{"custom_model_data":57500,"pulling":1},"model":"dwarf_model/dwarf_crossbow_pulling_0"},{"predicate":{"custom_model_data":57500,"pulling":1,"pull":0.58},"model":"dwarf_model/dwarf_crossbow_pulling_1"},{"predicate":{"custom_model_data":57500,"pulling":1,"pull":1.0},"model":"dwarf_model/dwarf_crossbow_pulling_2"},{"predicate":{"custom_model_data":57500,"charged":1},"model":"dwarf_model/dwarf_crossbow_arrow"},{"predicate":{"custom_model_data":57500,"charged":1,"firework":1},"model":"dwarf_model/dwarf_crossbow_arrow"},{"predicate":{"custom_model_data":57501},"model":"item/crossbow"}]}