{"parent":"minecraft:item/generated","textures":{"layer0":"minecraft:item/gold_nugget"},"overrides":[{"predicate":{"custom_model_data":10000},"model":"ores:ia_auto_gen/kunzite_nugget"},{"predicate":{"custom_model_data":10001},"model":"ores:ia_auto_gen/stibnite_nugget"},{"predicate":{"custom_model_data":10002},"model":"ores:ia_auto_gen/astrite_nugget"},{"predicate":{"custom_model_data":10003},"model":"ores:ia_auto_gen/uvarovite_nugget"},{"predicate":{"custom_model_data":10004},"model":"item/gold_nugget"}]}