{"parent":"item/generated","textures":{"layer0":"item/leather_helmet","layer1":"item/leather_helmet_overlay"},"overrides":[{"predicate":{"custom_model_data":10004},"model":"items:ia_auto_gen/suit_helmet_black"},{"predicate":{"custom_model_data":10006},"model":"items:ia_auto_gen/suit_helmet_brown"},{"predicate":{"custom_model_data":10007},"model":"items:ia_auto_gen/suit_helmet_gray"},{"predicate":{"custom_model_data":10008},"model":"items:ia_auto_gen/suit_helmet_red"},{"predicate":{"custom_model_data":10009},"model":"nexusset:ia_auto_gen/nexus_helmet_icon"},{"predicate":{"custom_model_data":10010},"model":"item/leather_helmet"}]}