{"parent":"item/generated","textures":{"layer0":"item/leather_leggings","layer1":"item/leather_leggings_overlay"},"overrides":[{"predicate":{"custom_model_data":10004},"model":"items:ia_auto_gen/suit_legs_black"},{"predicate":{"custom_model_data":10006},"model":"items:ia_auto_gen/suit_legs_brown"},{"predicate":{"custom_model_data":10007},"model":"items:ia_auto_gen/suit_legs_gray"},{"predicate":{"custom_model_data":10008},"model":"items:ia_auto_gen/suit_legs_red"},{"predicate":{"custom_model_data":10009},"model":"nexusset:ia_auto_gen/nexussetleggings"},{"predicate":{"custom_model_data":10015},"model":"xmas_costume:ia_auto_gen/snowman_leggings"},{"predicate":{"custom_model_data":10016},"model":"xmas_costume:ia_auto_gen/reindeer_leggings"},{"predicate":{"custom_model_data":10017},"model":"xmas_costume:ia_auto_gen/santa_leggings"},{"predicate":{"custom_model_data":10018},"model":"xmas_costume:ia_auto_gen/nutcracker_leggings"},{"predicate":{"custom_model_data":10019},"model":"item/leather_leggings"}]}