{"parent":"item/generated","textures":{"layer0":"item/leather_boots","layer1":"item/leather_boots_overlay"},"overrides":[{"predicate":{"custom_model_data":10004},"model":"items:ia_auto_gen/suit_boots_black"},{"predicate":{"custom_model_data":10006},"model":"items:ia_auto_gen/suit_boots_brown"},{"predicate":{"custom_model_data":10007},"model":"items:ia_auto_gen/suit_boots_gray"},{"predicate":{"custom_model_data":10008},"model":"items:ia_auto_gen/suit_boots_red"},{"predicate":{"custom_model_data":10009},"model":"nexusset:ia_auto_gen/nexussetboots"},{"predicate":{"custom_model_data":10015},"model":"xmas_costume:ia_auto_gen/snowman_boots"},{"predicate":{"custom_model_data":10016},"model":"xmas_costume:ia_auto_gen/reindeer_boots"},{"predicate":{"custom_model_data":10017},"model":"xmas_costume:ia_auto_gen/santa_boots"},{"predicate":{"custom_model_data":10018},"model":"xmas_costume:ia_auto_gen/nutcracker_boots"},{"predicate":{"custom_model_data":10019},"model":"item/leather_boots"}]}