{"parent":"item/generated","textures":{"layer0":"item/leather_chestplate","layer1":"item/leather_chestplate_overlay"},"overrides":[{"predicate":{"custom_model_data":10004},"model":"items:ia_auto_gen/suit_chest_black"},{"predicate":{"custom_model_data":10006},"model":"items:ia_auto_gen/suit_chest_brown"},{"predicate":{"custom_model_data":10007},"model":"items:ia_auto_gen/suit_chest_gray"},{"predicate":{"custom_model_data":10008},"model":"items:ia_auto_gen/suit_chest_red"},{"predicate":{"custom_model_data":10009},"model":"nexusset:ia_auto_gen/nexussetplate"},{"predicate":{"custom_model_data":10015},"model":"xmas_costume:ia_auto_gen/snowman_chestplate"},{"predicate":{"custom_model_data":10016},"model":"xmas_costume:ia_auto_gen/reindeer_chestplate"},{"predicate":{"custom_model_data":10017},"model":"xmas_costume:ia_auto_gen/santa_chestplate"},{"predicate":{"custom_model_data":10018},"model":"xmas_costume:ia_auto_gen/nutcracker_chestplate"},{"predicate":{"custom_model_data":10019},"model":"item/leather_chestplate"}]}