{"parent":"minecraft:item/generated","textures":{"layer0":"minecraft:item/leather_horse_armor"},"overrides":[{"predicate":{"custom_model_data":1},"model":"modelengine:baby_walle/body"},{"predicate":{"custom_model_data":2},"model":"modelengine:baby_walle/wheel_right"},{"predicate":{"custom_model_data":3},"model":"modelengine:baby_walle/wheel_left"},{"predicate":{"custom_model_data":4},"model":"modelengine:baby_walle/arm_right"},{"predicate":{"custom_model_data":5},"model":"modelengine:baby_walle/grabby_right"},{"predicate":{"custom_model_data":6},"model":"modelengine:baby_walle/arm_left"},{"predicate":{"custom_model_data":7},"model":"modelengine:baby_walle/grabby_left"},{"predicate":{"custom_model_data":8},"model":"modelengine:baby_walle/hinge"},{"predicate":{"custom_model_data":9},"model":"modelengine:baby_walle/eye_right"},{"predicate":{"custom_model_data":10},"model":"modelengine:baby_walle/eye_left"},{"predicate":{"custom_model_data":11},"model":"modelengine:bs_cc_elephant/tail"},{"predicate":{"custom_model_data":12},"model":"modelengine:bs_cc_elephant/right_front"},{"predicate":{"custom_model_data":13},"model":"modelengine:bs_cc_elephant/right_back"},{"predicate":{"custom_model_data":14},"model":"modelengine:bs_cc_elephant/left_back"},{"predicate":{"custom_model_data":15},"model":"modelengine:bs_cc_elephant/left_front"},{"predicate":{"custom_model_data":16},"model":"modelengine:bs_cc_elephant/body"},{"predicate":{"custom_model_data":17},"model":"modelengine:bs_cc_elephant/head"},{"predicate":{"custom_model_data":18},"model":"modelengine:bs_cc_elephant/trunk2"},{"predicate":{"custom_model_data":19},"model":"modelengine:bs_cc_elephant/trunk"},{"predicate":{"custom_model_data":20},"model":"modelengine:bs_cc_elephant/left_ear"},{"predicate":{"custom_model_data":21},"model":"modelengine:bs_cc_elephant/right_ear"},{"predicate":{"custom_model_data":22},"model":"modelengine:bs_cc_hippo/tail"},{"predicate":{"custom_model_data":23},"model":"modelengine:bs_cc_hippo/right_front"},{"predicate":{"custom_model_data":24},"model":"modelengine:bs_cc_hippo/right_back"},{"predicate":{"custom_model_data":25},"model":"modelengine:bs_cc_hippo/left_back"},{"predicate":{"custom_model_data":26},"model":"modelengine:bs_cc_hippo/left_front"},{"predicate":{"custom_model_data":27},"model":"modelengine:bs_cc_hippo/body"},{"predicate":{"custom_model_data":28},"model":"modelengine:bs_cc_hippo/left_ear"},{"predicate":{"custom_model_data":29},"model":"modelengine:bs_cc_hippo/right_ear"},{"predicate":{"custom_model_data":30},"model":"modelengine:bs_cc_hippo/head"},{"predicate":{"custom_model_data":31},"model":"modelengine:bs_cc_rhino/tail"},{"predicate":{"custom_model_data":32},"model":"modelengine:bs_cc_rhino/right_front"},{"predicate":{"custom_model_data":33},"model":"modelengine:bs_cc_rhino/right_back"},{"predicate":{"custom_model_data":34},"model":"modelengine:bs_cc_rhino/left_back"},{"predicate":{"custom_model_data":35},"model":"modelengine:bs_cc_rhino/left_front"},{"predicate":{"custom_model_data":36},"model":"modelengine:bs_cc_rhino/body"},{"predicate":{"custom_model_data":37},"model":"modelengine:bs_cc_rhino/left_ear"},{"predicate":{"custom_model_data":38},"model":"modelengine:bs_cc_rhino/right_ear"},{"predicate":{"custom_model_data":39},"model":"modelengine:bs_cc_rhino/head"},{"predicate":{"custom_model_data":40},"model":"modelengine:bufo_bufo/collar"},{"predicate":{"custom_model_data":41},"model":"modelengine:bufo_bufo/cape1"},{"predicate":{"custom_model_data":42},"model":"modelengine:bufo_bufo/cape2"},{"predicate":{"custom_model_data":43},"model":"modelengine:bufo_bufo/cape3"},{"predicate":{"custom_model_data":44},"model":"modelengine:bufo_bufo/body"},{"predicate":{"custom_model_data":45},"model":"modelengine:bufo_bufo/left_thigh"},{"predicate":{"custom_model_data":46},"model":"modelengine:bufo_bufo/left_shin"},{"predicate":{"custom_model_data":47},"model":"modelengine:bufo_bufo/left_foot"},{"predicate":{"custom_model_data":48},"model":"modelengine:bufo_bufo/right_thigh"},{"predicate":{"custom_model_data":49},"model":"modelengine:bufo_bufo/right_shin"},{"predicate":{"custom_model_data":50},"model":"modelengine:bufo_bufo/right_foot"},{"predicate":{"custom_model_data":51},"model":"modelengine:bufo_bufo/head"},{"predicate":{"custom_model_data":52},"model":"modelengine:bufo_bufo/jaw"},{"predicate":{"custom_model_data":53},"model":"modelengine:bufo_bufo/tongue1"},{"predicate":{"custom_model_data":54},"model":"modelengine:bufo_bufo/tongue2"},{"predicate":{"custom_model_data":55},"model":"modelengine:bufo_bufo/tongue3"},{"predicate":{"custom_model_data":56},"model":"modelengine:bufo_bufo/tongue4"},{"predicate":{"custom_model_data":57},"model":"modelengine:bufo_bufo/tongue5"},{"predicate":{"custom_model_data":58},"model":"modelengine:bufo_bufo/tongue6"},{"predicate":{"custom_model_data":59},"model":"modelengine:bufo_bufo/right_shoulderarmor"},{"predicate":{"custom_model_data":60},"model":"modelengine:bufo_bufo/right_arm"},{"predicate":{"custom_model_data":61},"model":"modelengine:bufo_bufo/right_forearm"},{"predicate":{"custom_model_data":62},"model":"modelengine:bufo_bufo/right_hand"},{"predicate":{"custom_model_data":63},"model":"modelengine:bufo_bufo/left_shoulderarmor"},{"predicate":{"custom_model_data":64},"model":"modelengine:bufo_bufo/left_arm"},{"predicate":{"custom_model_data":65},"model":"modelengine:bufo_bufo/left_forearm"},{"predicate":{"custom_model_data":66},"model":"modelengine:bufo_bufo/left_hand"},{"predicate":{"custom_model_data":67},"model":"modelengine:bufo_bufo/froggy1"},{"predicate":{"custom_model_data":68},"model":"modelengine:bufo_bufo/froggy2"},{"predicate":{"custom_model_data":69},"model":"modelengine:bufo_bufo/palmfrond4"},{"predicate":{"custom_model_data":70},"model":"modelengine:bufo_bufo/palmfrond5"},{"predicate":{"custom_model_data":71},"model":"modelengine:bufo_bufo/palmfrond6"},{"predicate":{"custom_model_data":72},"model":"modelengine:bufo_bufo/palmfrond1"},{"predicate":{"custom_model_data":73},"model":"modelengine:bufo_bufo/palmfrond2"},{"predicate":{"custom_model_data":74},"model":"modelengine:bufo_bufo/palmfrond3"},{"predicate":{"custom_model_data":75},"model":"modelengine:bufo_bufo/froggy3"},{"predicate":{"custom_model_data":76},"model":"modelengine:bufo_bufo/froggy4"},{"predicate":{"custom_model_data":77},"model":"modelengine:bufo_bufo_baby/froggy"},{"predicate":{"custom_model_data":78},"model":"modelengine:bufo_bufo_baby/legs"},{"predicate":{"custom_model_data":79},"model":"modelengine:bufo_bufo_baby/arms"},{"predicate":{"custom_model_data":80},"model":"modelengine:bufo_bufo_parts/tongue1"},{"predicate":{"custom_model_data":81},"model":"modelengine:bufo_bufo_parts/tongue2"},{"predicate":{"custom_model_data":82},"model":"modelengine:bufo_bufo_parts/tongue3"},{"predicate":{"custom_model_data":83},"model":"modelengine:bufo_bufo_parts/tongue4"},{"predicate":{"custom_model_data":84},"model":"modelengine:bufo_bufo_parts/tongue5"},{"predicate":{"custom_model_data":85},"model":"modelengine:bufo_bufo_parts/tongue6"},{"predicate":{"custom_model_data":86},"model":"modelengine:bufo_bufo_parts/head_dizzy"},{"predicate":{"custom_model_data":87},"model":"modelengine:bufo_bufo_parts/head_dead"},{"predicate":{"custom_model_data":88},"model":"modelengine:bufo_bufo_parts/collar"},{"predicate":{"custom_model_data":89},"model":"modelengine:bufo_bufo_parts/cape1"},{"predicate":{"custom_model_data":90},"model":"modelengine:bufo_bufo_parts/cape2"},{"predicate":{"custom_model_data":91},"model":"modelengine:bufo_bufo_parts/cape3"},{"predicate":{"custom_model_data":92},"model":"modelengine:bufo_bufo_parts/body"},{"predicate":{"custom_model_data":93},"model":"modelengine:bufo_bufo_parts/left_thigh"},{"predicate":{"custom_model_data":94},"model":"modelengine:bufo_bufo_parts/left_shin"},{"predicate":{"custom_model_data":95},"model":"modelengine:bufo_bufo_parts/left_foot"},{"predicate":{"custom_model_data":96},"model":"modelengine:bufo_bufo_parts/right_thigh"},{"predicate":{"custom_model_data":97},"model":"modelengine:bufo_bufo_parts/right_shin"},{"predicate":{"custom_model_data":98},"model":"modelengine:bufo_bufo_parts/right_foot"},{"predicate":{"custom_model_data":99},"model":"modelengine:bufo_bufo_parts/head_hit"},{"predicate":{"custom_model_data":100},"model":"modelengine:bufo_bufo_parts/jaw"},{"predicate":{"custom_model_data":101},"model":"modelengine:bufo_bufo_parts/right_shoulderarmor"},{"predicate":{"custom_model_data":102},"model":"modelengine:bufo_bufo_parts/right_arm"},{"predicate":{"custom_model_data":103},"model":"modelengine:bufo_bufo_parts/right_forearm"},{"predicate":{"custom_model_data":104},"model":"modelengine:bufo_bufo_parts/right_hand"},{"predicate":{"custom_model_data":105},"model":"modelengine:bufo_bufo_parts/left_shoulderarmor"},{"predicate":{"custom_model_data":106},"model":"modelengine:bufo_bufo_parts/left_arm"},{"predicate":{"custom_model_data":107},"model":"modelengine:bufo_bufo_parts/left_forearm"},{"predicate":{"custom_model_data":108},"model":"modelengine:bufo_bufo_parts/left_hand"},{"predicate":{"custom_model_data":109},"model":"modelengine:bufo_bufo_splash/splash1"},{"predicate":{"custom_model_data":110},"model":"modelengine:bufo_bufo_splash/splash4"},{"predicate":{"custom_model_data":111},"model":"modelengine:bufo_bufo_splash/splash8"},{"predicate":{"custom_model_data":112},"model":"modelengine:bufo_bufo_splash/splash9"},{"predicate":{"custom_model_data":113},"model":"modelengine:bufo_bufo_splash/splash10"},{"predicate":{"custom_model_data":114},"model":"modelengine:bufo_bufo_splash/splash11"},{"predicate":{"custom_model_data":115},"model":"modelengine:bufo_bufo_splash/splash12"},{"predicate":{"custom_model_data":116},"model":"modelengine:bufo_bufo_splash/splash13"},{"predicate":{"custom_model_data":117},"model":"modelengine:bufo_bufo_splash/splash14"},{"predicate":{"custom_model_data":118},"model":"modelengine:bufo_bufo_splash/splash2"},{"predicate":{"custom_model_data":119},"model":"modelengine:bufo_bufo_splash/splash3"},{"predicate":{"custom_model_data":120},"model":"modelengine:bufo_bufo_splash/splash5"},{"predicate":{"custom_model_data":121},"model":"modelengine:bufo_bufo_splash/splash6"},{"predicate":{"custom_model_data":122},"model":"modelengine:bufo_bufo_splash/splash7"},{"predicate":{"custom_model_data":123},"model":"modelengine:bufo_bufo_splash/splash15"},{"predicate":{"custom_model_data":124},"model":"modelengine:bufo_bufo_splash/splash16"},{"predicate":{"custom_model_data":125},"model":"modelengine:bufo_bufo_splash/splash17"},{"predicate":{"custom_model_data":126},"model":"modelengine:bufo_bufo_splash/splash18"},{"predicate":{"custom_model_data":127},"model":"modelengine:bufo_bufo_splash/splash19"},{"predicate":{"custom_model_data":128},"model":"modelengine:bufo_bufo_splash/splash20"},{"predicate":{"custom_model_data":129},"model":"modelengine:bufo_bufo_splash/splash21"},{"predicate":{"custom_model_data":130},"model":"modelengine:bufo_bufo_splash/splash22"},{"predicate":{"custom_model_data":131},"model":"modelengine:bufo_bufo_splash/splash23"},{"predicate":{"custom_model_data":132},"model":"modelengine:bufo_bufo_splash/splash24"},{"predicate":{"custom_model_data":133},"model":"modelengine:bufo_bufo_splash/splash25"},{"predicate":{"custom_model_data":134},"model":"modelengine:bufo_bufo_splash/splash26"},{"predicate":{"custom_model_data":135},"model":"modelengine:bufo_bufo_splash/splash27"},{"predicate":{"custom_model_data":136},"model":"modelengine:bufo_bufo_splash/splash28"},{"predicate":{"custom_model_data":137},"model":"modelengine:bufo_bufo_splash/splash29"},{"predicate":{"custom_model_data":138},"model":"modelengine:bufo_bufo_splash/splash30"},{"predicate":{"custom_model_data":139},"model":"modelengine:bufo_bufo_splash/splash31"},{"predicate":{"custom_model_data":140},"model":"modelengine:bufo_bufo_splash/splash32"},{"predicate":{"custom_model_data":141},"model":"modelengine:bufo_bufo_telegraph/telegraph"},{"predicate":{"custom_model_data":142},"model":"modelengine:bufo_bufo_telegraph/bone"},{"predicate":{"custom_model_data":143},"model":"modelengine:bufo_bufo_telegraph/bone2"},{"predicate":{"custom_model_data":144},"model":"modelengine:bufo_bufo_telegraph/bone3"},{"predicate":{"custom_model_data":145},"model":"modelengine:bufo_bufo_telegraph_tongue/telegraph"},{"predicate":{"custom_model_data":146},"model":"modelengine:bufo_bufo_telegraph_tongue/bone"},{"predicate":{"custom_model_data":147},"model":"modelengine:capra/capra"},{"predicate":{"custom_model_data":148},"model":"modelengine:capra/head"},{"predicate":{"custom_model_data":149},"model":"modelengine:capra/righthorn"},{"predicate":{"custom_model_data":150},"model":"modelengine:capra/lefthorn"},{"predicate":{"custom_model_data":151},"model":"modelengine:capra/crown"},{"predicate":{"custom_model_data":152},"model":"modelengine:capra/rightbicep"},{"predicate":{"custom_model_data":153},"model":"modelengine:capra/rightforearm"},{"predicate":{"custom_model_data":154},"model":"modelengine:capra/righthand"},{"predicate":{"custom_model_data":155},"model":"modelengine:capra/scythe"},{"predicate":{"custom_model_data":156},"model":"modelengine:capra/leftbicep"},{"predicate":{"custom_model_data":157},"model":"modelengine:capra/leftforearm"},{"predicate":{"custom_model_data":158},"model":"modelengine:capra/lefthand"},{"predicate":{"custom_model_data":159},"model":"modelengine:capra/rightthigh"},{"predicate":{"custom_model_data":160},"model":"modelengine:capra/rightleg"},{"predicate":{"custom_model_data":161},"model":"modelengine:capra/leftthigh"},{"predicate":{"custom_model_data":162},"model":"modelengine:capra/leftleg"},{"predicate":{"custom_model_data":163},"model":"modelengine:capra/rightwing"},{"predicate":{"custom_model_data":164},"model":"modelengine:capra/leftwing"},{"predicate":{"custom_model_data":165},"model":"modelengine:caprachains/chains"},{"predicate":{"custom_model_data":166},"model":"modelengine:carpincho_cria/r_eye"},{"predicate":{"custom_model_data":167},"model":"modelengine:carpincho_cria/eye"},{"predicate":{"custom_model_data":168},"model":"modelengine:carpincho_cria/head"},{"predicate":{"custom_model_data":169},"model":"modelengine:carpincho_cria/left_ear"},{"predicate":{"custom_model_data":170},"model":"modelengine:carpincho_cria/right_ear"},{"predicate":{"custom_model_data":171},"model":"modelengine:carpincho_cria/tail"},{"predicate":{"custom_model_data":172},"model":"modelengine:carpincho_cria/body"},{"predicate":{"custom_model_data":173},"model":"modelengine:carpincho_cria/leg_back_left"},{"predicate":{"custom_model_data":174},"model":"modelengine:carpincho_cria/leg_back_right"},{"predicate":{"custom_model_data":175},"model":"modelengine:carpincho_cria/front_leg_right"},{"predicate":{"custom_model_data":176},"model":"modelengine:carpincho_cria/front_leg_left"},{"predicate":{"custom_model_data":177},"model":"modelengine:carpincho_cria/mate"},{"predicate":{"custom_model_data":178},"model":"modelengine:carpincho_mythic/r_eye"},{"predicate":{"custom_model_data":179},"model":"modelengine:carpincho_mythic/eye"},{"predicate":{"custom_model_data":180},"model":"modelengine:carpincho_mythic/head"},{"predicate":{"custom_model_data":181},"model":"modelengine:carpincho_mythic/left_ear"},{"predicate":{"custom_model_data":182},"model":"modelengine:carpincho_mythic/right_ear"},{"predicate":{"custom_model_data":183},"model":"modelengine:carpincho_mythic/tail"},{"predicate":{"custom_model_data":184},"model":"modelengine:carpincho_mythic/body"},{"predicate":{"custom_model_data":185},"model":"modelengine:carpincho_mythic/leg_back_left"},{"predicate":{"custom_model_data":186},"model":"modelengine:carpincho_mythic/leg_back_right"},{"predicate":{"custom_model_data":187},"model":"modelengine:carpincho_mythic/front_leg_right"},{"predicate":{"custom_model_data":188},"model":"modelengine:carpincho_mythic/front_leg_left"},{"predicate":{"custom_model_data":189},"model":"modelengine:carpincho_mythic/mate"},{"predicate":{"custom_model_data":190},"model":"modelengine:concussion/concussionring2"},{"predicate":{"custom_model_data":191},"model":"modelengine:concussion/concussionring3"},{"predicate":{"custom_model_data":192},"model":"modelengine:dwarf_blacksmith/upper_body"},{"predicate":{"custom_model_data":193},"model":"modelengine:dwarf_blacksmith/chest"},{"predicate":{"custom_model_data":194},"model":"modelengine:dwarf_blacksmith/head"},{"predicate":{"custom_model_data":195},"model":"modelengine:dwarf_blacksmith/left_beard"},{"predicate":{"custom_model_data":196},"model":"modelengine:dwarf_blacksmith/left_beard_end"},{"predicate":{"custom_model_data":197},"model":"modelengine:dwarf_blacksmith/right_beard"},{"predicate":{"custom_model_data":198},"model":"modelengine:dwarf_blacksmith/right_beard_end"},{"predicate":{"custom_model_data":199},"model":"modelengine:dwarf_blacksmith/beard"},{"predicate":{"custom_model_data":200},"model":"modelengine:dwarf_blacksmith/beard_mid"},{"predicate":{"custom_model_data":201},"model":"modelengine:dwarf_blacksmith/beard_end"},{"predicate":{"custom_model_data":202},"model":"modelengine:dwarf_blacksmith/left_arm"},{"predicate":{"custom_model_data":203},"model":"modelengine:dwarf_blacksmith/left_wrist"},{"predicate":{"custom_model_data":204},"model":"modelengine:dwarf_blacksmith/weapon"},{"predicate":{"custom_model_data":205},"model":"modelengine:dwarf_blacksmith/right_arm"},{"predicate":{"custom_model_data":206},"model":"modelengine:dwarf_blacksmith/right_wrist"},{"predicate":{"custom_model_data":207},"model":"modelengine:dwarf_blacksmith/shield"},{"predicate":{"custom_model_data":208},"model":"modelengine:dwarf_blacksmith/spear"},{"predicate":{"custom_model_data":209},"model":"modelengine:dwarf_blacksmith/sword"},{"predicate":{"custom_model_data":210},"model":"modelengine:dwarf_blacksmith/iron"},{"predicate":{"custom_model_data":211},"model":"modelengine:dwarf_blacksmith/left_leg"},{"predicate":{"custom_model_data":212},"model":"modelengine:dwarf_blacksmith/left_ankle"},{"predicate":{"custom_model_data":213},"model":"modelengine:dwarf_blacksmith/left_foot"},{"predicate":{"custom_model_data":214},"model":"modelengine:dwarf_blacksmith/right_leg"},{"predicate":{"custom_model_data":215},"model":"modelengine:dwarf_blacksmith/right_ankle"},{"predicate":{"custom_model_data":216},"model":"modelengine:dwarf_blacksmith/right_foot"},{"predicate":{"custom_model_data":217},"model":"modelengine:dwarf_blacksmith/anvil"},{"predicate":{"custom_model_data":218},"model":"modelengine:dwarf_cleric/left_ankle"},{"predicate":{"custom_model_data":219},"model":"modelengine:dwarf_cleric/left_leg"},{"predicate":{"custom_model_data":220},"model":"modelengine:dwarf_cleric/right_ankle"},{"predicate":{"custom_model_data":221},"model":"modelengine:dwarf_cleric/right_leg"},{"predicate":{"custom_model_data":222},"model":"modelengine:dwarf_cleric/beard"},{"predicate":{"custom_model_data":223},"model":"modelengine:dwarf_cleric/right_beard"},{"predicate":{"custom_model_data":224},"model":"modelengine:dwarf_cleric/left_beard"},{"predicate":{"custom_model_data":225},"model":"modelengine:dwarf_cleric/head"},{"predicate":{"custom_model_data":226},"model":"modelengine:dwarf_cleric/right_wrist"},{"predicate":{"custom_model_data":227},"model":"modelengine:dwarf_cleric/page"},{"predicate":{"custom_model_data":228},"model":"modelengine:dwarf_cleric/right_arm"},{"predicate":{"custom_model_data":229},"model":"modelengine:dwarf_cleric/left_wrist"},{"predicate":{"custom_model_data":230},"model":"modelengine:dwarf_cleric/left_arm"},{"predicate":{"custom_model_data":231},"model":"modelengine:dwarf_cleric/chest"},{"predicate":{"custom_model_data":232},"model":"modelengine:dwarf_cleric/front_cape"},{"predicate":{"custom_model_data":233},"model":"modelengine:dwarf_cleric/back_cape"},{"predicate":{"custom_model_data":234},"model":"modelengine:dwarf_cleric/upper_body"},{"predicate":{"custom_model_data":235},"model":"modelengine:dwarf_huntsman/left_ankle"},{"predicate":{"custom_model_data":236},"model":"modelengine:dwarf_huntsman/left_leg"},{"predicate":{"custom_model_data":237},"model":"modelengine:dwarf_huntsman/right_ankle"},{"predicate":{"custom_model_data":238},"model":"modelengine:dwarf_huntsman/right_leg"},{"predicate":{"custom_model_data":239},"model":"modelengine:dwarf_huntsman/beard"},{"predicate":{"custom_model_data":240},"model":"modelengine:dwarf_huntsman/right_beard"},{"predicate":{"custom_model_data":241},"model":"modelengine:dwarf_huntsman/left_beard"},{"predicate":{"custom_model_data":242},"model":"modelengine:dwarf_huntsman/head"},{"predicate":{"custom_model_data":243},"model":"modelengine:dwarf_huntsman/right_wrist"},{"predicate":{"custom_model_data":244},"model":"modelengine:dwarf_huntsman/right_arm"},{"predicate":{"custom_model_data":245},"model":"modelengine:dwarf_huntsman/left_wrist"},{"predicate":{"custom_model_data":246},"model":"modelengine:dwarf_huntsman/left_arm"},{"predicate":{"custom_model_data":247},"model":"modelengine:dwarf_huntsman/chest"},{"predicate":{"custom_model_data":248},"model":"modelengine:dwarf_huntsman/cape"},{"predicate":{"custom_model_data":249},"model":"modelengine:dwarf_huntsman/cape_end"},{"predicate":{"custom_model_data":250},"model":"modelengine:dwarf_huntsman/upper_body"},{"predicate":{"custom_model_data":251},"model":"modelengine:dwarf_knight/left_leg"},{"predicate":{"custom_model_data":252},"model":"modelengine:dwarf_knight/left_ankle"},{"predicate":{"custom_model_data":253},"model":"modelengine:dwarf_knight/right_leg"},{"predicate":{"custom_model_data":254},"model":"modelengine:dwarf_knight/right_ankle"},{"predicate":{"custom_model_data":255},"model":"modelengine:dwarf_knight/upper_body"},{"predicate":{"custom_model_data":256},"model":"modelengine:dwarf_knight/chest"},{"predicate":{"custom_model_data":257},"model":"modelengine:dwarf_knight/head"},{"predicate":{"custom_model_data":258},"model":"modelengine:dwarf_knight/beard"},{"predicate":{"custom_model_data":259},"model":"modelengine:dwarf_knight/right_beard"},{"predicate":{"custom_model_data":260},"model":"modelengine:dwarf_knight/left_beard"},{"predicate":{"custom_model_data":261},"model":"modelengine:dwarf_knight/right_arm"},{"predicate":{"custom_model_data":262},"model":"modelengine:dwarf_knight/right_wrist"},{"predicate":{"custom_model_data":263},"model":"modelengine:dwarf_knight/left_arm"},{"predicate":{"custom_model_data":264},"model":"modelengine:dwarf_knight/left_wrist"},{"predicate":{"custom_model_data":265},"model":"modelengine:imp/imp"},{"predicate":{"custom_model_data":266},"model":"modelengine:imp/leftwing"},{"predicate":{"custom_model_data":267},"model":"modelengine:imp/leftarm"},{"predicate":{"custom_model_data":268},"model":"modelengine:imp/leftleg"},{"predicate":{"custom_model_data":269},"model":"modelengine:imp/rightwing"},{"predicate":{"custom_model_data":270},"model":"modelengine:imp/rightleg"},{"predicate":{"custom_model_data":271},"model":"modelengine:imp/rightarm"},{"predicate":{"custom_model_data":272},"model":"modelengine:magiccircle/magiccircle"},{"predicate":{"custom_model_data":273},"model":"modelengine:meteor/meteor"},{"predicate":{"custom_model_data":274},"model":"modelengine:nocsy_corgi/head"},{"predicate":{"custom_model_data":275},"model":"modelengine:nocsy_corgi/left_ear"},{"predicate":{"custom_model_data":276},"model":"modelengine:nocsy_corgi/right_ear"},{"predicate":{"custom_model_data":277},"model":"modelengine:nocsy_corgi/mouth"},{"predicate":{"custom_model_data":278},"model":"modelengine:nocsy_corgi/bone"},{"predicate":{"custom_model_data":279},"model":"modelengine:nocsy_corgi/tongue"},{"predicate":{"custom_model_data":280},"model":"modelengine:nocsy_corgi/body_fur"},{"predicate":{"custom_model_data":281},"model":"modelengine:nocsy_corgi/right_leg"},{"predicate":{"custom_model_data":282},"model":"modelengine:nocsy_corgi/left_leg"},{"predicate":{"custom_model_data":283},"model":"modelengine:nocsy_corgi/right_arm"},{"predicate":{"custom_model_data":284},"model":"modelengine:nocsy_corgi/left_arm"},{"predicate":{"custom_model_data":285},"model":"modelengine:nocsy_magic_cat/body"},{"predicate":{"custom_model_data":286},"model":"modelengine:nocsy_magic_cat/tail"},{"predicate":{"custom_model_data":287},"model":"modelengine:nocsy_magic_cat/tail_half"},{"predicate":{"custom_model_data":288},"model":"modelengine:nocsy_magic_cat/tail_end"},{"predicate":{"custom_model_data":289},"model":"modelengine:nocsy_magic_cat/head"},{"predicate":{"custom_model_data":290},"model":"modelengine:nocsy_magic_cat/witch_hat"},{"predicate":{"custom_model_data":291},"model":"modelengine:nocsy_magic_cat/ears"},{"predicate":{"custom_model_data":292},"model":"modelengine:nocsy_magic_cat/head_eyes_closed"},{"predicate":{"custom_model_data":293},"model":"modelengine:nocsy_magic_cat/witch_hat_sleep"},{"predicate":{"custom_model_data":294},"model":"modelengine:nocsy_magic_cat/ears2"},{"predicate":{"custom_model_data":295},"model":"modelengine:nocsy_magic_cat/front_foot_left"},{"predicate":{"custom_model_data":296},"model":"modelengine:nocsy_magic_cat/front_leg_left"},{"predicate":{"custom_model_data":297},"model":"modelengine:nocsy_magic_cat/front_foot_right"},{"predicate":{"custom_model_data":298},"model":"modelengine:nocsy_magic_cat/front_leg_right"},{"predicate":{"custom_model_data":299},"model":"modelengine:nocsy_magic_cat/back_foot_right"},{"predicate":{"custom_model_data":300},"model":"modelengine:nocsy_magic_cat/back_leg_right"},{"predicate":{"custom_model_data":301},"model":"modelengine:nocsy_magic_cat/back_foot_left"},{"predicate":{"custom_model_data":302},"model":"modelengine:nocsy_magic_cat/back_leg_left"},{"predicate":{"custom_model_data":303},"model":"modelengine:nocsy_otter_v2/body"},{"predicate":{"custom_model_data":304},"model":"modelengine:nocsy_otter_v2/tail"},{"predicate":{"custom_model_data":305},"model":"modelengine:nocsy_otter_v2/head"},{"predicate":{"custom_model_data":306},"model":"modelengine:nocsy_otter_v2/front_leg_left"},{"predicate":{"custom_model_data":307},"model":"modelengine:nocsy_otter_v2/front_leg_right"},{"predicate":{"custom_model_data":308},"model":"modelengine:nocsy_otter_v2/back_leg_left"},{"predicate":{"custom_model_data":309},"model":"modelengine:nocsy_otter_v2/back_leg_right"},{"predicate":{"custom_model_data":310},"model":"modelengine:phillip/phillip"},{"predicate":{"custom_model_data":311},"model":"modelengine:phillip/frontrightleg"},{"predicate":{"custom_model_data":312},"model":"modelengine:phillip/head"},{"predicate":{"custom_model_data":313},"model":"modelengine:phillip/righthorn"},{"predicate":{"custom_model_data":314},"model":"modelengine:phillip/lefthorn"},{"predicate":{"custom_model_data":315},"model":"modelengine:phillip/backrightleg"},{"predicate":{"custom_model_data":316},"model":"modelengine:phillip/frontleftleg"},{"predicate":{"custom_model_data":317},"model":"modelengine:phillip/backleftleg"},{"predicate":{"custom_model_data":318},"model":"modelengine:scythe/fx"},{"predicate":{"custom_model_data":319},"model":"modelengine:scythe/scythe"},{"predicate":{"custom_model_data":320},"model":"modelengine:slashfx/slashfx"},{"predicate":{"custom_model_data":321},"model":"modelengine:toffy_toy_bone/bone"},{"predicate":{"custom_model_data":322},"model":"modelengine:toffy_yarn/body"},{"predicate":{"custom_model_data":323},"model":"modelengine:toro_queenbee/left_leg_front"},{"predicate":{"custom_model_data":324},"model":"modelengine:toro_queenbee/right_leg_front"},{"predicate":{"custom_model_data":325},"model":"modelengine:toro_queenbee/left_leg_mid"},{"predicate":{"custom_model_data":326},"model":"modelengine:toro_queenbee/right_leg_mid"},{"predicate":{"custom_model_data":327},"model":"modelengine:toro_queenbee/left_leg_back"},{"predicate":{"custom_model_data":328},"model":"modelengine:toro_queenbee/right_leg_back"},{"predicate":{"custom_model_data":329},"model":"modelengine:toro_queenbee/body"},{"predicate":{"custom_model_data":330},"model":"modelengine:toro_queenbee/head"},{"predicate":{"custom_model_data":331},"model":"modelengine:toro_queenbee/left_ant"},{"predicate":{"custom_model_data":332},"model":"modelengine:toro_queenbee/right_ant"},{"predicate":{"custom_model_data":333},"model":"modelengine:toro_queenbee/crown"},{"predicate":{"custom_model_data":334},"model":"modelengine:toro_queenbee/left_wing"},{"predicate":{"custom_model_data":335},"model":"modelengine:toro_queenbee/right_wing"},{"predicate":{"custom_model_data":336},"model":"modelengine:toro_queenbee/hip"},{"predicate":{"custom_model_data":337},"model":"modelengine:toro_queenbee/tail"},{"predicate":{"custom_model_data":338},"model":"modelengine:toro_queenbee/sting"}]}