{"parent":"minecraft:item/handheld","textures":{"layer0":"minecraft:item/netherite_axe"},"overrides":[{"predicate":{"custom_model_data":10000},"model":"items:moon/moon_axe"},{"predicate":{"custom_model_data":10002},"model":"items:purpleworldset/purpleworld_axe"},{"predicate":{"custom_model_data":10003},"model":"items:purpleworldset/purpleworld_battleaxe"},{"predicate":{"custom_model_data":10004},"model":"nexusset:axe"},{"predicate":{"custom_model_data":10006},"model":"elitecreatures:darkflame_animated_weapon_set/axe"},{"predicate":{"custom_model_data":10008},"model":"christmas:items/christmas_axe"},{"predicate":{"custom_model_data":10009},"model":"item/netherite_axe"}]}