{"parent":"minecraft:item/handheld","textures":{"layer0":"minecraft:item/netherite_sword"},"overrides":[{"predicate":{"custom_model_data":10000},"model":"items:moon/moon_sword"},{"predicate":{"custom_model_data":10002},"model":"items:purpleworldset/purpleworld_sword"},{"predicate":{"custom_model_data":10003},"model":"items:purpleworldset/purpleworld_dagger"},{"predicate":{"custom_model_data":10006},"model":"nexusset:sword"},{"predicate":{"custom_model_data":10007},"model":"nexusset:scythe"},{"predicate":{"custom_model_data":10009},"model":"nexusset:greatsword"},{"predicate":{"custom_model_data":10010},"model":"nexusset:trident"},{"predicate":{"custom_model_data":10018},"model":"elitecreatures:darkflame_animated_weapon_set/sword"},{"predicate":{"custom_model_data":10019},"model":"christmas:items/christmas_sword"},{"predicate":{"custom_model_data":10020},"model":"blossom:items/blossom_sword"},{"predicate":{"custom_model_data":10021},"model":"item/netherite_sword"}]}