{"parent":"minecraft:item/handheld","textures":{"layer0":"minecraft:item/netherite_pickaxe"},"overrides":[{"predicate":{"custom_model_data":10000},"model":"items:pickaxes/cosmic_horror_pickaxe"},{"predicate":{"custom_model_data":10001},"model":"items:pickaxes/martian_pickaxe"},{"predicate":{"custom_model_data":10002},"model":"items:pickaxes/otw_pickaxe"},{"predicate":{"custom_model_data":10003},"model":"items:pickaxes/solar_pickaxe"},{"predicate":{"custom_model_data":10004},"model":"items:pickaxes/vortex_pickaxe"},{"predicate":{"custom_model_data":10005},"model":"items:moon/moon_pickaxe"},{"predicate":{"custom_model_data":10007},"model":"items:purpleworldset/purpleworld_pickaxe"},{"predicate":{"custom_model_data":10008},"model":"nexusset:pickaxe"},{"predicate":{"custom_model_data":10010},"model":"elitecreatures:darkflame_animated_weapon_set/pickaxe"},{"predicate":{"custom_model_data":10011},"model":"christmas:items/christmas_pickaxe"},{"predicate":{"custom_model_data":10012},"model":"blossom:items/blossom_pickaxe"},{"predicate":{"custom_model_data":10013},"model":"item/netherite_pickaxe"}]}