{"parent":"minecraft:item/handheld","textures":{"layer0":"minecraft:item/netherite_hoe"},"overrides":[{"predicate":{"custom_model_data":10000},"model":"items:moon/moon_hoe"},{"predicate":{"custom_model_data":10002},"model":"items:purpleworldset/purpleworld_hoe"},{"predicate":{"custom_model_data":10003},"model":"nexusset:hoe"},{"predicate":{"custom_model_data":10005},"model":"elitecreatures:darkflame_animated_weapon_set/hoe"},{"predicate":{"custom_model_data":10006},"model":"item/netherite_hoe"}]}