{"parent":"minecraft:item/handheld","textures":{"layer0":"minecraft:item/netherite_shovel"},"overrides":[{"predicate":{"custom_model_data":10000},"model":"items:moon/moon_shovel"},{"predicate":{"custom_model_data":10002},"model":"items:purpleworldset/purpleworld_shovel"},{"predicate":{"custom_model_data":10003},"model":"nexusset:shovel"},{"predicate":{"custom_model_data":10005},"model":"elitecreatures:darkflame_animated_weapon_set/shovel"},{"predicate":{"custom_model_data":10007},"model":"christmas:items/christmas_shovel"},{"predicate":{"custom_model_data":10008},"model":"blossom:items/blossom_shovel"},{"predicate":{"custom_model_data":10009},"model":"item/netherite_shovel"}]}