{"parent":"minecraft:item/generated","textures":{"layer0":"minecraft:item/paper"},"overrides":[{"predicate":{"custom_model_data":10000},"model":"_iainternal:ia_auto_gen/icon_left_blue"},{"predicate":{"custom_model_data":10001},"model":"_iainternal:ia_auto_gen/icon_right_blue"},{"predicate":{"custom_model_data":10002},"model":"_iainternal:ia_auto_gen/icon_search"},{"predicate":{"custom_model_data":10003},"model":"_iainternal:ia_auto_gen/icon_cancel"},{"predicate":{"custom_model_data":10004},"model":"_iainternal:ia_auto_gen/icon_arrow_chest"},{"predicate":{"custom_model_data":10005},"model":"_iainternal:ia_auto_gen/icon_back_orange"},{"predicate":{"custom_model_data":10006},"model":"_iainternal:ia_auto_gen/icon_next_orange"},{"predicate":{"custom_model_data":10009},"model":"ores:ia_auto_gen/stibnite_ore"},{"predicate":{"custom_model_data":10010},"model":"ores:ia_auto_gen/astrite_ore"},{"predicate":{"custom_model_data":10011},"model":"ores:ia_auto_gen/kunzite_ore"},{"predicate":{"custom_model_data":10012},"model":"ores:ia_auto_gen/uvarovite_ore"},{"predicate":{"custom_model_data":10013},"model":"coins:coin/monedaplata"},{"predicate":{"custom_model_data":10014},"model":"coins:coin/monedaoro"},{"predicate":{"custom_model_data":10015},"model":"coins:coin/monedabronce"},{"predicate":{"custom_model_data":10016},"model":"coins:coin/monedaplatino"},{"predicate":{"custom_model_data":10021},"model":"sombreros:block/adventure_time"},{"predicate":{"custom_model_data":10022},"model":"sombreros:block/allay"},{"predicate":{"custom_model_data":10023},"model":"sombreros:block/axolotl_head"},{"predicate":{"custom_model_data":10029},"model":"sombreros:block/cool_glasses"},{"predicate":{"custom_model_data":10030},"model":"sombreros:block/copper_golem"},{"predicate":{"custom_model_data":10033},"model":"sombreros:block/crown"},{"predicate":{"custom_model_data":10034},"model":"sombreros:block/donkey_hide_hood"},{"predicate":{"custom_model_data":10038},"model":"sombreros:block/fox"},{"predicate":{"custom_model_data":10047},"model":"sombreros:block/headphones1"},{"predicate":{"custom_model_data":10048},"model":"sombreros:block/headphones2"},{"predicate":{"custom_model_data":10049},"model":"sombreros:block/headphones3"},{"predicate":{"custom_model_data":10076},"model":"sombreros:block/pickaxe"},{"predicate":{"custom_model_data":10078},"model":"sombreros:block/plague_cleric"},{"predicate":{"custom_model_data":10081},"model":"sombreros:block/polar_bear_hood"},{"predicate":{"custom_model_data":10086},"model":"sombreros:block/spyglasshat"},{"predicate":{"custom_model_data":10089},"model":"sombreros:block/van_helsing"},{"predicate":{"custom_model_data":10091},"model":"sombreros:block/water_spill"},{"predicate":{"custom_model_data":10092},"model":"sombreros:block/wolf"},{"predicate":{"custom_model_data":10096},"model":"sombreros:block/axolotl_hat"},{"predicate":{"custom_model_data":10098},"model":"sombreros:block/chef_hat"},{"predicate":{"custom_model_data":10102},"model":"sombreros:block/froggy_hat"},{"predicate":{"custom_model_data":10113},"model":"sombreros:block/pirate_hat"},{"predicate":{"custom_model_data":10114},"model":"sombreros:block/raccoon_hat"},{"predicate":{"custom_model_data":10128},"model":"sombreros:block/bunny_ears"},{"predicate":{"custom_model_data":10129},"model":"sombreros:block/casino_fedora"},{"predicate":{"custom_model_data":10130},"model":"sombreros:block/demon_horns"},{"predicate":{"custom_model_data":10135},"model":"sombreros:block/headphones"},{"predicate":{"custom_model_data":10136},"model":"sombreros:block/jack_o_helmet"},{"predicate":{"custom_model_data":10141},"model":"sombreros:block/miner_cap"},{"predicate":{"custom_model_data":10143},"model":"sombreros:block/reindeer_antlers"},{"predicate":{"custom_model_data":10144},"model":"sombreros:block/samurai_helmet"},{"predicate":{"custom_model_data":10148},"model":"sombreros:block/turkey_head"},{"predicate":{"custom_model_data":10149},"model":"sombreros:block/wolf_helmet"},{"predicate":{"custom_model_data":10151},"model":"coins:crates/fertilizer_gold"},{"predicate":{"custom_model_data":10152},"model":"coins:crates/fertilizer_multiplier"},{"predicate":{"custom_model_data":10153},"model":"coins:crates/fertilizer_speed"},{"predicate":{"custom_model_data":10154},"model":"coins:crates/fertilizer_star"},{"predicate":{"custom_model_data":10156},"model":"enchants:ia_auto_gen/rename-feather"},{"predicate":{"custom_model_data":10157},"model":"enchants:ia_auto_gen/randomization-gem"},{"predicate":{"custom_model_data":10158},"model":"enchants:ia_auto_gen/tool-orb"},{"predicate":{"custom_model_data":10160},"model":"enchants:ia_auto_gen/remove-scroll"},{"predicate":{"custom_model_data":10161},"model":"enchants:ia_auto_gen/rc-simple"},{"predicate":{"custom_model_data":10162},"model":"enchants:ia_auto_gen/rc-unique"},{"predicate":{"custom_model_data":10163},"model":"enchants:ia_auto_gen/rc-ultimate"},{"predicate":{"custom_model_data":10164},"model":"enchants:ia_auto_gen/rc-legendary"},{"predicate":{"custom_model_data":10165},"model":"coins:crates/soil_large"},{"predicate":{"custom_model_data":10166},"model":"ores:ia_auto_gen/raw_uvarovite"},{"predicate":{"custom_model_data":10167},"model":"ores:ia_auto_gen/raw_astrite"},{"predicate":{"custom_model_data":10168},"model":"ores:ia_auto_gen/raw_kunzite_block"},{"predicate":{"custom_model_data":10169},"model":"ores:ia_auto_gen/raw_astrite_block"},{"predicate":{"custom_model_data":10170},"model":"ores:ia_auto_gen/raw_uvarovite_block"},{"predicate":{"custom_model_data":10171},"model":"ores:ia_auto_gen/raw_stibnite_block"},{"predicate":{"custom_model_data":10172},"model":"ores:ia_auto_gen/raw_kunzite"},{"predicate":{"custom_model_data":10173},"model":"ores:ia_auto_gen/raw_stibnite"},{"predicate":{"custom_model_data":10174},"model":"mercados:mercado/mercadowheat"},{"predicate":{"custom_model_data":10175},"model":"mercados:mercado/mercadopotato"},{"predicate":{"custom_model_data":10176},"model":"mercados:mercado/mercadocarrot"},{"predicate":{"custom_model_data":10177},"model":"mercados:mercado/mercadobeetroot"},{"predicate":{"custom_model_data":10178},"model":"mercados:mercado/mercadoblaze_powder"},{"predicate":{"custom_model_data":10179},"model":"mercados:mercado/mercadoapple"},{"predicate":{"custom_model_data":10180},"model":"mercados:mercado/mercadobamboo"},{"predicate":{"custom_model_data":10181},"model":"mercados:mercado/mercadoblaze_rod"},{"predicate":{"custom_model_data":10182},"model":"mercados:mercado/mercadobone_meal"},{"predicate":{"custom_model_data":10183},"model":"mercados:mercado/mercadobone"},{"predicate":{"custom_model_data":10184},"model":"mercados:mercado/mercadonether_wart"},{"predicate":{"custom_model_data":10185},"model":"mercados:mercado/mercadosweet_berries"},{"predicate":{"custom_model_data":10187},"model":"mercados:mercado/mercadowheat_seeds"},{"predicate":{"custom_model_data":10188},"model":"mercados:mercado/mercadowheat_2"},{"predicate":{"custom_model_data":10189},"model":"sombreros:block/witch_hat_cyan"},{"predicate":{"custom_model_data":10190},"model":"sombreros:block/witch_hat_gray"},{"predicate":{"custom_model_data":10191},"model":"sombreros:block/witch_hat_green"},{"predicate":{"custom_model_data":10192},"model":"sombreros:block/witch_hat_purple"},{"predicate":{"custom_model_data":10193},"model":"sombreros:block/witch_hat_red"},{"predicate":{"custom_model_data":10194},"model":"sombreros:block/witch_hat_yellow"},{"predicate":{"custom_model_data":10197},"model":"nexusset:helmet"},{"predicate":{"custom_model_data":10199},"model":"nexusset:wings"},{"predicate":{"custom_model_data":10202},"model":"elitecreatures:darkflame_animated_weapon_set/gauntlet"},{"predicate":{"custom_model_data":10203},"model":"elitecreatures:darkflame_animated_weapon_set/helmet"},{"predicate":{"custom_model_data":10205},"model":"elitecreatures:darkflame_animated_weapon_set/wing"},{"predicate":{"custom_model_data":10216},"model":"christmas:items/santa_hat"},{"predicate":{"custom_model_data":10219},"model":"rtp:ia_auto_gen/blank"},{"predicate":{"custom_model_data":10220},"model":"xmas_costume:items/snowman_head"},{"predicate":{"custom_model_data":10221},"model":"xmas_costume:items/reindeer_head"},{"predicate":{"custom_model_data":10222},"model":"xmas_costume:items/santa_head"},{"predicate":{"custom_model_data":10223},"model":"xmas_costume:items/nutcracker_head"},{"predicate":{"custom_model_data":49998},"model":"customfishing:item/util/splash_water"},{"predicate":{"custom_model_data":49999},"model":"customfishing:item/util/splash_lava"},{"predicate":{"custom_model_data":50000},"model":"customfishing:item/util/fish_compass"},{"predicate":{"custom_model_data":50001},"model":"customfishing:item/bait/simple_bait"},{"predicate":{"custom_model_data":50002},"model":"customfishing:item/bait/magnet_bait"},{"predicate":{"custom_model_data":50003},"model":"customfishing:item/bait/wild_bait"},{"predicate":{"custom_model_data":50004},"model":"item/paper"}]}