{"parent":"item/handheld","textures":{"layer0":"item/stone_sword"},"overrides":[{"predicate":{"custom_model_data":57503},"model":"dwarf_model/dwarf_axe"},{"predicate":{"custom_model_data":57504},"model":"dwarf_model/dwarf_horn"},{"predicate":{"custom_model_data":57505},"model":"dwarf_model/dwarf_mace"},{"predicate":{"custom_model_data":57506},"model":"dwarf_model/dwarf_tome"},{"predicate":{"custom_model_data":57507},"model":"dwarf_model/blacksmith_hammer"},{"predicate":{"custom_model_data":57508},"model":"dwarf_model/blacksmith_spear"},{"predicate":{"custom_model_data":57509},"model":"dwarf_model/blacksmith_sword"}]}