{"parent":"minecraft:item/generated","textures":{"layer0":"minecraft:item/totem_of_undying"},"overrides":[{"predicate":{"custom_model_data":10001},"model":"items:totems/totem_of_undying"},{"predicate":{"custom_model_data":10002},"model":"items:ia_auto_gen/totem_air"},{"predicate":{"custom_model_data":10003},"model":"items:ia_auto_gen/totem_allay"},{"predicate":{"custom_model_data":10004},"model":"items:ia_auto_gen/totem_aqua"},{"predicate":{"custom_model_data":10005},"model":"items:ia_auto_gen/totem_armor"},{"predicate":{"custom_model_data":10006},"model":"items:ia_auto_gen/totem_attack"},{"predicate":{"custom_model_data":10008},"model":"items:ia_auto_gen/totem_earth"},{"predicate":{"custom_model_data":10009},"model":"items:ia_auto_gen/totem_fire"},{"predicate":{"custom_model_data":10010},"model":"items:ia_auto_gen/totem_health"},{"predicate":{"custom_model_data":10012},"model":"items:ia_auto_gen/totem_regen"},{"predicate":{"custom_model_data":10013},"model":"items:ia_auto_gen/totem_1"},{"predicate":{"custom_model_data":10014},"model":"items:ia_auto_gen/totem_2"},{"predicate":{"custom_model_data":10020},"model":"items:ia_auto_gen/warden_totem"},{"predicate":{"custom_model_data":10021},"model":"items:ia_auto_gen/krloz_totem"},{"predicate":{"custom_model_data":10022},"model":"item/totem_of_undying"}]}